node1,node2,startLoc,endLoc,length,endNodeL,startNodeL,startYear,endYear,cladeID
4,1,Westchester,Westchester,0.0009299999999,0.0009299999999,0,2021.01818205479,2021.01911205479,O-BA1_714
4,5,Westchester,Westchester,0.00548,0.00548,0,2021.01818205479,2021.02366205479,O-BA1_714
5,2,Westchester,Westchester,0.00045,0.00593,0.00548,2021.02366205479,2021.02411205479,O-BA1_714
5,3,Westchester,Queens,0.00045,0.00593,0.00548,2021.02366205479,2021.02411205479,O-BA1_714
4,1,NewYork,NewYork,0.1561,0.1561,0,2021.07494191781,2021.23104191781,Delta_621
4,5,NewYork,NewYork,0.06685,0.06685,0,2021.07494191781,2021.14179191781,Delta_621
5,2,NewYork,Kings,0.11125,0.1781,0.06685,2021.14179191781,2021.25304191781,Delta_621
5,3,NewYork,Queens,0.12525,0.1921,0.06685,2021.14179191781,2021.26704191781,Delta_621
5,6,NewYork,NewYork,0.0126,0.0126,0,2021.08792109589,2021.10052109589,Delta_1070
5,7,NewYork,Suffolk,0.01637,0.01637,0,2021.08792109589,2021.10429109589,Delta_1070
7,3,Suffolk,Suffolk,0.11175,0.12812,0.01637,2021.10429109589,2021.21604109589,Delta_1070
6,1,NewYork,NewYork,0.11852,0.13112,0.0126,2021.10052109589,2021.21904109589,Delta_1070
7,4,Suffolk,Suffolk,0.11475,0.13112,0.01637,2021.10429109589,2021.21904109589,Delta_1070
6,2,NewYork,NewYork,0.12052,0.13312,0.0126,2021.10052109589,2021.22104109589,Delta_1070
4,1,NewYork,NewYork,0.00261,0.00261,0,2021.15151054795,2021.15412054795,O-BA1_28
4,5,NewYork,NewYork,0.00184,0.00184,0,2021.15151054795,2021.15335054795,O-BA1_28
5,2,NewYork,Queens,0.00077,0.00261,0.00184,2021.15335054795,2021.15412054795,O-BA1_28
5,3,NewYork,Kings,0.01177,0.01361,0.00184,2021.15335054795,2021.16512054795,O-BA1_28
40,41,Nassau,Nassau,0.00386501597799999,0.00386501597799999,0,2021.30697739726,2021.31084241324,Alpha_428
40,77,Nassau,Nassau,0.000515758791399978,0.000515758791399978,0,2021.30697739726,2021.30749315605,Alpha_428
77,38,Nassau,Nassau,0.00142925718600001,0.00194501597739999,0.000515758791399978,2021.30749315605,2021.30892241324,Alpha_428
41,42,Nassau,Nassau,0.01835,0.022215015978,0.00386501597799999,2021.31084241324,2021.32919241324,Alpha_428
42,43,Nassau,Nassau,0.00939999999999996,0.031615015978,0.022215015978,2021.32919241324,2021.33859241324,Alpha_428
43,44,Nassau,Nassau,0.00325000000000003,0.034865015978,0.031615015978,2021.33859241324,2021.34184241324,Alpha_428
44,47,Nassau,Nassau,0.00556000000000001,0.040425015978,0.034865015978,2021.34184241324,2021.34740241324,Alpha_428
47,55,Nassau,Nassau,0.00280999999999998,0.043235015978,0.040425015978,2021.34740241324,2021.35021241324,Alpha_428
47,48,Nassau,Nassau,0.02294,0.063365015978,0.040425015978,2021.34740241324,2021.37034241324,Alpha_428
48,49,Nassau,Nassau,0.01493321474,0.078298230718,0.063365015978,2021.37034241324,2021.38527562798,Alpha_428
55,59,Nassau,Nassau,0.03576,0.078995015978,0.043235015978,2021.35021241324,2021.38597241324,Alpha_428
49,50,Nassau,Nassau,0.001566785259,0.079865015977,0.078298230718,2021.38527562798,2021.38684241324,Alpha_428
59,60,Nassau,Nassau,0.00259999999999999,0.081595015978,0.078995015978,2021.38597241324,2021.38857241324,Alpha_428
60,63,Nassau,Nassau,0.000759988215800034,0.0823550041938,0.081595015978,2021.38857241324,2021.38933240146,Alpha_428
63,23,Nassau,Nassau,0.00159001178399998,0.0839450159778,0.0823550041938,2021.38933240146,2021.39092241324,Alpha_428
63,64,Nassau,Nassau,0.01020001178,0.0925550159738,0.0823550041938,2021.38933240146,2021.39953241324,Alpha_428
64,24,Nassau,Queens,0.00539000000000001,0.0979450159738,0.0925550159738,2021.39953241324,2021.40492241324,Alpha_428
64,65,Nassau,Nassau,0.00809000000000001,0.1006450159738,0.0925550159738,2021.39953241324,2021.40762241324,Alpha_428
65,25,Nassau,Nassau,0.000299999999899991,0.1009450159737,0.1006450159738,2021.40762241324,2021.40792241324,Alpha_428
41,1,Nassau,Richmond,0.09708,0.100945015978,0.00386501597799999,2021.31084241324,2021.40792241324,Alpha_428
44,45,Nassau,NewYork,0.06805502736,0.102920043338,0.034865015978,2021.34184241324,2021.4098974406,Alpha_428
45,4,NewYork,NewYork,0.0000249726443100062,0.10294501598231,0.102920043338,2021.4098974406,2021.40992241324,Alpha_428
45,46,NewYork,NewYork,0.02156510532,0.124485148658,0.102920043338,2021.4098974406,2021.43146254592,Alpha_428
46,5,NewYork,NewYork,0.000459867325100005,0.1249450159831,0.124485148658,2021.43146254592,2021.43192241325,Alpha_428
65,66,Nassau,Nassau,0.03026,0.1309050159738,0.1006450159738,2021.40762241324,2021.43788241324,Alpha_428
66,67,Nassau,Nassau,0.000226791745399996,0.1311318077192,0.1309050159738,2021.43788241324,2021.43810920498,Alpha_428
67,26,Nassau,Nassau,0.001813208255,0.1329450159742,0.1311318077192,2021.43810920498,2021.43992241324,Alpha_428
60,61,Nassau,Suffolk,0.05344,0.135035015978,0.081595015978,2021.38857241324,2021.44201241324,Alpha_428
49,7,Nassau,Nassau,0.06564678526,0.143945015978,0.078298230718,2021.38527562798,2021.45092241324,Alpha_428
66,71,Nassau,Nassau,0.0137,0.1446050159738,0.1309050159738,2021.43788241324,2021.45158241324,Alpha_428
71,72,Nassau,Nassau,0.00224544056500001,0.1468504565388,0.1446050159738,2021.45158241324,2021.4538278538,Alpha_428
72,32,Nassau,Suffolk,0.0000945594346599965,0.14694501597346,0.1468504565388,2021.4538278538,2021.45392241324,Alpha_428
46,6,NewYork,Kings,0.02245986732,0.146945015978,0.124485148658,2021.43146254592,2021.45392241324,Alpha_428
67,68,Nassau,Nassau,0.01621320825,0.1473450159692,0.1311318077192,2021.43810920498,2021.45432241323,Alpha_428
50,51,Nassau,Nassau,0.06812854486,0.147993560837,0.079865015977,2021.38684241324,2021.4549709581,Alpha_428
51,53,Nassau,Nassau,0.000669626411199997,0.1486631872482,0.147993560837,2021.4549709581,2021.45564058451,Alpha_428
68,27,Nassau,Nassau,0.00259999999999999,0.1499450159692,0.1473450159692,2021.45432241323,2021.45692241323,Alpha_428
53,11,Nassau,Nassau,0.00128182872900001,0.1499450159772,0.1486631872482,2021.45564058451,2021.45692241324,Alpha_428
71,31,Nassau,Queens,0.00833999999999999,0.1529450159738,0.1446050159738,2021.45158241324,2021.45992241324,Alpha_428
72,73,Nassau,Nassau,0.007065078758,0.1539155352968,0.1468504565388,2021.4538278538,2021.46089293256,Alpha_428
73,33,Nassau,Nassau,0.00102948067700001,0.1549450159738,0.1539155352968,2021.46089293256,2021.46192241324,Alpha_428
51,52,Nassau,Nassau,0.00895862131899999,0.156952182156,0.147993560837,2021.4549709581,2021.46392957942,Alpha_428
55,56,Nassau,Nassau,0.1139323731,0.157167389078,0.043235015978,2021.35021241324,2021.46414478634,Alpha_428
50,8,Nassau,Nassau,0.07808,0.157945015977,0.079865015977,2021.38684241324,2021.46492241324,Alpha_428
52,10,Nassau,Nassau,0.000992833821099992,0.1579450159771,0.156952182156,2021.46392957942,2021.46492241324,Alpha_428
56,15,Nassau,Nassau,0.000777626936399989,0.1579450160144,0.157167389078,2021.46414478634,2021.46492241328,Alpha_428
68,69,Nassau,Suffolk,0.01358,0.1609250159692,0.1473450159692,2021.45432241323,2021.46790241323,Alpha_428
69,28,Suffolk,Suffolk,0.0000200000000699918,0.16094501596927,0.1609250159692,2021.46790241323,2021.46792241323,Alpha_428
48,14,Nassau,Westchester,0.10058,0.163945015978,0.063365015978,2021.37034241324,2021.47092241324,Alpha_428
59,19,Nassau,Suffolk,0.08695,0.165945015978,0.078995015978,2021.38597241324,2021.47292241324,Alpha_428
52,9,Nassau,Nassau,0.01199283382,0.168945015976,0.156952182156,2021.46392957942,2021.47592241324,Alpha_428
56,57,Nassau,Nassau,0.01315762694,0.170325016018,0.157167389078,2021.46414478634,2021.47730241328,Alpha_428
53,54,Nassau,Nassau,0.02595182873,0.1746150159782,0.1486631872482,2021.45564058451,2021.48159241324,Alpha_428
54,13,Nassau,Nassau,0.000329999999999997,0.1749450159782,0.1746150159782,2021.48159241324,2021.48192241324,Alpha_428
57,16,Nassau,Nassau,0.00462000000000001,0.174945016018,0.170325016018,2021.47730241328,2021.48192241328,Alpha_428
73,74,Nassau,Nassau,0.02188214384,0.1757976791368,0.1539155352968,2021.46089293256,2021.4827750764,Alpha_428
74,34,Nassau,Suffolk,0.00114733684000001,0.1769450159768,0.1757976791368,2021.4827750764,2021.48392241324,Alpha_428
69,70,Suffolk,Nassau,0.01859506863,0.1795200845992,0.1609250159692,2021.46790241323,2021.48649748186,Alpha_428
70,29,Nassau,Nassau,0.000424931365600012,0.1799450159648,0.1795200845992,2021.48649748186,2021.48692241323,Alpha_428
70,30,Nassau,Queens,0.000424931365600012,0.1799450159648,0.1795200845992,2021.48649748186,2021.48692241323,Alpha_428
77,39,Nassau,Kings,0.1874292572,0.1879450159914,0.000515758791399978,2021.30749315605,2021.49492241325,Alpha_428
54,12,Nassau,Suffolk,0.02733,0.2019450159782,0.1746150159782,2021.48159241324,2021.50892241324,Alpha_428
74,75,Nassau,Nassau,0.03074474102,0.2065424201568,0.1757976791368,2021.4827750764,2021.51351981742,Alpha_428
75,35,Nassau,Nassau,0.00040259582310001,0.2069450159799,0.2065424201568,2021.51351981742,2021.51392241324,Alpha_428
75,76,Nassau,Nassau,0.00918259582299999,0.2157250159798,0.2065424201568,2021.51351981742,2021.52270241324,Alpha_428
76,36,Nassau,Nassau,0.000219999999899995,0.2159450159797,0.2157250159798,2021.52270241324,2021.52292241324,Alpha_428
57,58,Nassau,Nassau,0.0504095698,0.220734585818,0.170325016018,2021.47730241328,2021.52771198308,Alpha_428
58,17,Nassau,Nassau,0.000210430201399991,0.2209450160194,0.220734585818,2021.52771198308,2021.52792241328,Alpha_428
61,20,Suffolk,Suffolk,0.09191,0.226945015978,0.135035015978,2021.44201241324,2021.53392241324,Alpha_428
76,37,Nassau,Nassau,0.01122,0.2269450159798,0.2157250159798,2021.52270241324,2021.53392241324,Alpha_428
61,62,Suffolk,Nassau,0.09302920738,0.228064223358,0.135035015978,2021.44201241324,2021.53504162062,Alpha_428
62,21,Nassau,Nassau,0.000880792619000009,0.228945015977,0.228064223358,2021.53504162062,2021.53592241324,Alpha_428
62,22,Nassau,Bronx,0.00988079261899999,0.237945015977,0.228064223358,2021.53504162062,2021.54492241324,Alpha_428
58,18,Nassau,Nassau,0.0252104302,0.245945016018,0.220734585818,2021.52771198308,2021.55292241328,Alpha_428
43,3,Nassau,Nassau,0.24133,0.272945015978,0.031615015978,2021.33859241324,2021.57992241324,Alpha_428
42,2,Nassau,Suffolk,0.31673,0.338945015978,0.022215015978,2021.32919241324,2021.64592241324,Alpha_428
4,1,Queens,Kings,0.13339,0.13339,0,2021.2032990411,2021.3366890411,Delta_3642
4,5,Queens,Queens,0.022,0.022,0,2021.2032990411,2021.2252990411,Delta_3642
5,2,Queens,Queens,0.11139,0.13339,0.022,2021.2252990411,2021.3366890411,Delta_3642
5,3,Queens,Queens,0.11739,0.13939,0.022,2021.2252990411,2021.3426890411,Delta_3642
4,1,Queens,Queens,0.1564244928,0.1564244928,0,2020.92594904817,2021.08237354097,Delta_265
4,5,Queens,Queens,0.00115449281800001,0.00115449281800001,0,2020.92594904817,2020.92710354099,Delta_265
5,3,Queens,Kings,0.11127,0.112424492818,0.00115449281800001,2020.92710354099,2021.03837354099,Delta_265
5,2,Queens,Queens,0.23527,0.236424492818,0.00115449281800001,2020.92710354099,2021.16237354099,Delta_265
6,1,NewYork,Queens,0.15583,0.15583,0,2021.11762808218,2021.27345808218,Delta_1797
6,7,NewYork,NewYork,0.05946,0.05946,0,2021.11762808218,2021.17708808218,Delta_1797
7,8,NewYork,NewYork,0.01086,0.07032,0.05946,2021.17708808218,2021.18794808218,Delta_1797
8,9,NewYork,NewYork,0.07057,0.14089,0.07032,2021.18794808218,2021.25851808218,Delta_1797
7,2,NewYork,Kings,0.16237,0.22183,0.05946,2021.17708808218,2021.33945808218,Delta_1797
8,3,NewYork,Nassau,0.15451,0.22483,0.07032,2021.18794808218,2021.34245808218,Delta_1797
9,5,NewYork,NewYork,0.14094,0.28183,0.14089,2021.25851808218,2021.39945808218,Delta_1797
9,4,NewYork,Kings,0.15194,0.29283,0.14089,2021.25851808218,2021.41045808218,Delta_1797
4,1,Kings,Kings,0.0005400000001,0.0005400000001,0,2021.03044614651,2021.03098614651,O-BA1_705
4,5,Kings,Kings,0.00548,0.00548,0,2021.03044614651,2021.03592614651,O-BA1_705
5,2,Kings,NewYork,0.0000599999999500002,0.00553999999995,0.00548,2021.03592614651,2021.03598614651,O-BA1_705
5,3,Kings,Kings,0.0000599999999500002,0.00553999999995,0.00548,2021.03592614651,2021.03598614651,O-BA1_705
4,1,Westchester,Westchester,0.0003145551736,0.0003145551736,0,2020.95854452051,2020.95885907568,Alpha_700
4,5,Westchester,Westchester,0.003254555174,0.003254555174,0,2020.95854452051,2020.96179907568,Alpha_700
5,2,Westchester,Westchester,0.0000599999999100001,0.00331455517391,0.003254555174,2020.96179907568,2020.96185907568,Alpha_700
5,3,Westchester,Westchester,0.01106,0.014314555174,0.003254555174,2020.96179907568,2020.97285907568,Alpha_700
4,1,Bronx,Bronx,0.11351,0.11351,0,2021.16200452055,2021.27551452055,Delta_2078
4,5,Bronx,Bronx,0.00228,0.00228,0,2021.16200452055,2021.16428452055,Delta_2078
5,3,Bronx,Bronx,0.11123,0.11351,0.00228,2021.16428452055,2021.27551452055,Delta_2078
5,2,Bronx,Bronx,0.11423,0.11651,0.00228,2021.16428452055,2021.27851452055,Delta_2078
5,1,Westchester,Westchester,0.1382,0.1382,0,2021.10117616438,2021.23937616438,Delta_3624
5,6,Westchester,Westchester,0.0978,0.0978,0,2021.10117616438,2021.19897616438,Delta_3624
6,7,Westchester,Westchester,0.06656,0.16436,0.0978,2021.19897616438,2021.26553616438,Delta_3624
7,2,Westchester,Westchester,0.12484,0.2892,0.16436,2021.26553616438,2021.39037616438,Delta_3624
7,3,Westchester,Westchester,0.16284,0.3272,0.16436,2021.26553616438,2021.42837616438,Delta_3624
6,4,Westchester,Westchester,0.2954,0.3932,0.0978,2021.19897616438,2021.49437616438,Delta_3624
4,1,NewYork,NewYork,0.13582,0.13582,0,2021.16826547945,2021.30408547945,Delta_173
4,5,NewYork,NewYork,0.01334,0.01334,0,2021.16826547945,2021.18160547945,Delta_173
5,3,NewYork,NewYork,0.11148,0.12482,0.01334,2021.18160547945,2021.29308547945,Delta_173
5,2,NewYork,NewYork,0.12248,0.13582,0.01334,2021.18160547945,2021.30408547945,Delta_173
4,1,NewYork,Bronx,0.16351,0.16351,0,2021.17232150685,2021.33583150685,Delta_3477
4,5,NewYork,NewYork,0.03365,0.03365,0,2021.17232150685,2021.20597150685,Delta_3477
5,3,NewYork,Bronx,0.11386,0.14751,0.03365,2021.20597150685,2021.31983150685,Delta_3477
5,2,NewYork,NewYork,0.16586,0.19951,0.03365,2021.20597150685,2021.37183150685,Delta_3477
4,1,Westchester,Westchester,0.11613,0.11613,0,2021.03529835616,2021.15142835616,Delta_2998
4,5,Westchester,Westchester,0.00228,0.00228,0,2021.03529835616,2021.03757835616,Delta_2998
5,2,Westchester,Westchester,0.11185,0.11413,0.00228,2021.03757835616,2021.14942835616,Delta_2998
5,3,Westchester,Westchester,0.11185,0.11413,0.00228,2021.03757835616,2021.14942835616,Delta_2998
4,1,Suffolk,Westchester,0.26569,0.26569,0,2021.12472438356,2021.39041438356,Alpha_190
4,5,Suffolk,Suffolk,0.00262000000000001,0.00262000000000001,0,2021.12472438356,2021.12734438356,Alpha_190
5,2,Suffolk,Suffolk,0.0000699999999099754,0.00268999999990999,0.00262000000000001,2021.12734438356,2021.12741438356,Alpha_190
5,3,Suffolk,Suffolk,0.0000699999999099754,0.00268999999990999,0.00262000000000001,2021.12734438356,2021.12741438356,Alpha_190
4,1,Queens,Queens,0.0002599999999,0.0002599999999,0,2021.07337452055,2021.07363452055,O-BA1_1315
4,5,Queens,Queens,0.00548,0.00548,0,2021.07337452055,2021.07885452055,O-BA1_1315
5,2,Queens,Queens,0.000780000000000001,0.00626,0.00548,2021.07885452055,2021.07963452055,O-BA1_1315
5,3,Queens,Queens,0.00878,0.01426,0.00548,2021.07885452055,2021.08763452055,O-BA1_1315
4,1,Bronx,Bronx,0.000129999999900002,0.000129999999900002,0,2021.19222178082,2021.19235178082,O-BA1_138
4,5,Bronx,Nassau,0.00362999999999999,0.00362999999999999,0,2021.19222178082,2021.19585178082,O-BA1_138
5,3,Nassau,Nassau,0.0025,0.00613,0.00362999999999999,2021.19585178082,2021.19835178082,O-BA1_138
5,2,Nassau,Kings,0.0955,0.09913,0.00362999999999999,2021.19585178082,2021.29135178082,O-BA1_138
7,8,NewYork,Bronx,0.0530382484,0.0530382484,0,2021.22772178082,2021.28076002922,Alpha_783
7,11,NewYork,NewYork,0.000848248400300011,0.000848248400300011,0,2021.22772178082,2021.22857002922,Alpha_783
11,5,NewYork,Westchester,0.04606,0.0469082484003,0.000848248400300011,2021.22857002922,2021.27463002922,Alpha_783
8,9,Bronx,Bronx,0.00270000000000001,0.0557382484,0.0530382484,2021.28076002922,2021.28346002922,Alpha_783
9,1,Bronx,Bronx,0.00217000000000001,0.0579082484,0.0557382484,2021.28346002922,2021.28563002922,Alpha_783
9,2,Bronx,Bronx,0.00517000000000001,0.0609082484,0.0557382484,2021.28346002922,2021.28863002922,Alpha_783
11,6,NewYork,NewYork,0.06006,0.0609082484003,0.000848248400300011,2021.22857002922,2021.28863002922,Alpha_783
8,10,Bronx,Bronx,0.09576,0.1487982484,0.0530382484,2021.28076002922,2021.37652002922,Alpha_783
10,3,Bronx,Bronx,0.000109999999999999,0.1489082484,0.1487982484,2021.37652002922,2021.37663002922,Alpha_783
10,4,Bronx,NewYork,0.05711,0.2059082484,0.1487982484,2021.37652002922,2021.43363002922,Alpha_783
5,1,Nassau,Queens,0.14786,0.14786,0,2021.12321821918,2021.27107821918,Delta_3459
5,6,Nassau,Nassau,0.07837926294,0.07837926294,0,2021.12321821918,2021.20159748212,Delta_3459
6,7,Nassau,Nassau,0.001780737056,0.080159999996,0.07837926294,2021.20159748212,2021.20337821918,Delta_3459
7,3,Nassau,Nassau,0.1117,0.191859999996,0.080159999996,2021.20337821918,2021.31507821918,Delta_3459
6,2,Nassau,Nassau,0.1134807371,0.19186000004,0.07837926294,2021.20159748212,2021.31507821922,Delta_3459
7,4,Nassau,Nassau,0.1147,0.194859999996,0.080159999996,2021.20337821918,2021.31807821918,Delta_3459
4,1,Westchester,Westchester,0.03234,0.03234,0,2021.13329666194,2021.16563666194,O-BA1_400
4,5,Westchester,Westchester,0.01572,0.01572,0,2021.13329666194,2021.14901666194,O-BA1_400
5,3,Westchester,Westchester,0.000620000000000002,0.01634,0.01572,2021.14901666194,2021.14963666194,O-BA1_400
5,2,Westchester,Westchester,0.03562,0.05134,0.01572,2021.14901666194,2021.18463666194,O-BA1_400
4,1,NewYork,NewYork,0.06462,0.06462,0,2021.01541686742,2021.08003686742,O-BA1_879
4,5,NewYork,NewYork,0.00801,0.00801,0,2021.01541686742,2021.02342686742,O-BA1_879
5,2,NewYork,Queens,0.09761,0.10562,0.00801,2021.02342686742,2021.12103686742,O-BA1_879
5,3,NewYork,Bronx,0.09761,0.10562,0.00801,2021.02342686742,2021.12103686742,O-BA1_879
7,8,NewYork,Bronx,0.0530382484,0.0530382484,0,2021.20306438356,2021.25610263196,Alpha_783
7,11,NewYork,NewYork,0.000848248400300011,0.000848248400300011,0,2021.20306438356,2021.20391263196,Alpha_783
11,5,NewYork,Westchester,0.04606,0.0469082484003,0.000848248400300011,2021.20391263196,2021.24997263196,Alpha_783
8,9,Bronx,Bronx,0.00270000000000001,0.0557382484,0.0530382484,2021.25610263196,2021.25880263196,Alpha_783
9,1,Bronx,Bronx,0.00217000000000001,0.0579082484,0.0557382484,2021.25880263196,2021.26097263196,Alpha_783
9,2,Bronx,Bronx,0.00517000000000001,0.0609082484,0.0557382484,2021.25880263196,2021.26397263196,Alpha_783
11,6,NewYork,NewYork,0.06006,0.0609082484003,0.000848248400300011,2021.20391263196,2021.26397263196,Alpha_783
8,10,Bronx,Bronx,0.09576,0.1487982484,0.0530382484,2021.25610263196,2021.35186263196,Alpha_783
10,3,Bronx,Bronx,0.000109999999999999,0.1489082484,0.1487982484,2021.35186263196,2021.35197263196,Alpha_783
10,4,Bronx,NewYork,0.05711,0.2059082484,0.1487982484,2021.35186263196,2021.40897263196,Alpha_783
5,6,NewYork,Queens,0.02511515499,0.02511515499,0,2021.28976109589,2021.31487625088,Delta_1821
5,7,NewYork,NewYork,0.000555154993999996,0.000555154993999996,0,2021.28976109589,2021.29031625088,Delta_1821
7,4,NewYork,NewYork,0.13506,0.135615154994,0.000555154993999996,2021.29031625088,2021.42537625088,Delta_1821
7,3,NewYork,NewYork,0.14906,0.149615154994,0.000555154993999996,2021.29031625088,2021.43937625088,Delta_1821
6,1,Queens,Queens,0.1265,0.15161515499,0.02511515499,2021.31487625088,2021.44137625088,Delta_1821
6,2,Queens,Queens,0.1265,0.15161515499,0.02511515499,2021.31487625088,2021.44137625088,Delta_1821
7,8,Nassau,Nassau,0.00174,0.00174,0,2021.13156575344,2021.13330575344,O-BA1_2037
7,11,Nassau,Nassau,0.00174,0.00174,0,2021.13156575344,2021.13330575344,O-BA1_2037
8,9,Nassau,Nassau,0.00185,0.00359,0.00174,2021.13330575344,2021.13515575344,O-BA1_2037
8,4,Nassau,Bronx,0.00226,0.004,0.00174,2021.13330575344,2021.13556575344,O-BA1_2037
11,5,Nassau,Richmond,0.00226,0.004,0.00174,2021.13330575344,2021.13556575344,O-BA1_2037
11,6,Nassau,NewYork,0.00226,0.004,0.00174,2021.13330575344,2021.13556575344,O-BA1_2037
9,1,Nassau,Nassau,0.0004100000001,0.0040000000001,0.00359,2021.13515575344,2021.13556575344,O-BA1_2037
9,10,Nassau,NewYork,0.003271505111,0.006861505111,0.00359,2021.13515575344,2021.13842725855,O-BA1_2037
10,2,NewYork,NewYork,0.002138494889,0.009,0.006861505111,2021.13842725855,2021.14056575344,O-BA1_2037
10,3,NewYork,Westchester,0.002138494889,0.009,0.006861505111,2021.13842725855,2021.14056575344,O-BA1_2037
5,1,Kings,Kings,0.11644,0.11644,0,2021.01790643836,2021.13434643836,Alpha_87
5,6,Kings,Queens,0.14898,0.14898,0,2021.01790643836,2021.16688643836,Alpha_87
6,7,Queens,Kings,0.03366,0.18264,0.14898,2021.16688643836,2021.20054643836,Alpha_87
6,4,Queens,Queens,0.05846,0.20744,0.14898,2021.16688643836,2021.22534643836,Alpha_87
7,2,Kings,Kings,0.0458,0.22844,0.18264,2021.20054643836,2021.24634643836,Alpha_87
7,3,Kings,Suffolk,0.0488,0.23144,0.18264,2021.20054643836,2021.24934643836,Alpha_87
4,1,Westchester,Westchester,0.21826,0.21826,0,2021.13984864869,2021.35810864869,Delta_2867
4,5,Westchester,Westchester,0.06257,0.06257,0,2021.13984864869,2021.20241864869,Delta_2867
5,3,Westchester,Kings,0.11169,0.17426,0.06257,2021.20241864869,2021.31410864869,Delta_2867
5,2,Westchester,Westchester,0.15269,0.21526,0.06257,2021.20241864869,2021.35510864869,Delta_2867
6,7,Queens,Queens,0.09678,0.09678,0,2021.12880191781,2021.22558191781,Alpha_424
6,9,Queens,Queens,0.01876,0.01876,0,2021.12880191781,2021.14756191781,Alpha_424
9,5,Queens,NewYork,0.08867,0.10743,0.01876,2021.14756191781,2021.23623191781,Alpha_424
9,4,Queens,NewYork,0.09967,0.11843,0.01876,2021.14756191781,2021.24723191781,Alpha_424
7,8,Queens,Bronx,0.04836,0.14514,0.09678,2021.22558191781,2021.27394191781,Alpha_424
7,1,Queens,Kings,0.05465,0.15143,0.09678,2021.22558191781,2021.28023191781,Alpha_424
8,2,Bronx,Bronx,0.02229,0.16743,0.14514,2021.27394191781,2021.29623191781,Alpha_424
8,3,Bronx,Bronx,0.02229,0.16743,0.14514,2021.27394191781,2021.29623191781,Alpha_424
14,15,NewYork,NewYork,0.00715118512200003,0.00715118512200003,0,2021.24115931507,2021.24831050019,Delta_1000
14,25,NewYork,NewYork,0.00167118512199999,0.00167118512199999,0,2021.24115931507,2021.24283050019,Delta_1000
15,16,NewYork,NewYork,0.0360799999999999,0.043231185122,0.00715118512200003,2021.24831050019,2021.28439050019,Delta_1000
16,17,NewYork,NewYork,0.00228,0.045511185122,0.043231185122,2021.28439050019,2021.28667050019,Delta_1000
16,18,NewYork,Westchester,0.06150032558,0.104731510702,0.043231185122,2021.28439050019,2021.34589082577,Delta_1000
18,24,Westchester,Westchester,0.00190967441900003,0.106641185121,0.104731510702,2021.34589082577,2021.34780050019,Delta_1000
25,12,NewYork,Bronx,0.11116,0.112831185122,0.00167118512199999,2021.24283050019,2021.35399050019,Delta_1000
25,13,NewYork,Nassau,0.11116,0.112831185122,0.00167118512199999,2021.24283050019,2021.35399050019,Delta_1000
15,1,NewYork,Bronx,0.11168,0.118831185122,0.00715118512200003,2021.24831050019,2021.35999050019,Delta_1000
17,2,NewYork,NewYork,0.11132,0.156831185122,0.045511185122,2021.28667050019,2021.39799050019,Delta_1000
17,3,NewYork,Queens,0.11132,0.156831185122,0.045511185122,2021.28667050019,2021.39799050019,Delta_1000
18,19,Westchester,Westchester,0.1145996744,0.219331185102,0.104731510702,2021.34589082577,2021.46049050017,Delta_1000
19,20,Westchester,Westchester,0.00617999999999999,0.225511185102,0.219331185102,2021.46049050017,2021.46667050017,Delta_1000
20,21,Westchester,Westchester,0.01498,0.240491185102,0.225511185102,2021.46667050017,2021.48165050017,Delta_1000
21,22,Westchester,Westchester,0.00228,0.242771185102,0.240491185102,2021.48165050017,2021.48393050017,Delta_1000
24,11,Westchester,Westchester,0.17419,0.280831185121,0.106641185121,2021.34780050019,2021.52199050019,Delta_1000
22,23,Westchester,Westchester,0.06027,0.303041185102,0.242771185102,2021.48393050017,2021.54420050017,Delta_1000
24,10,Westchester,Westchester,0.20119,0.307831185121,0.106641185121,2021.34780050019,2021.54899050019,Delta_1000
19,4,Westchester,Westchester,0.1345,0.353831185102,0.219331185102,2021.46049050017,2021.59499050017,Delta_1000
21,6,Westchester,Westchester,0.11334,0.353831185102,0.240491185102,2021.48165050017,2021.59499050017,Delta_1000
22,7,Westchester,Westchester,0.11106,0.353831185102,0.242771185102,2021.48393050017,2021.59499050017,Delta_1000
23,8,Westchester,Westchester,0.11179,0.414831185102,0.303041185102,2021.54420050017,2021.65599050017,Delta_1000
20,5,Westchester,Westchester,0.19232,0.417831185102,0.225511185102,2021.46667050017,2021.65899050017,Delta_1000
23,9,Westchester,Bronx,0.12479,0.427831185102,0.303041185102,2021.54420050017,2021.66899050017,Delta_1000
4,1,NewYork,Kings,0.12224,0.12224,0,2021.15033164384,2021.27257164384,Delta_2776
4,5,NewYork,NewYork,0.01713,0.01713,0,2021.15033164384,2021.16746164384,Delta_2776
5,3,NewYork,NewYork,0.11911,0.13624,0.01713,2021.16746164384,2021.28657164384,Delta_2776
5,2,NewYork,NewYork,0.12511,0.14224,0.01713,2021.16746164384,2021.29257164384,Delta_2776
4,1,Queens,NewYork,0.08408,0.08408,0,2021.06673097384,2021.15081097384,Alpha_543
4,5,Queens,Queens,0.0789,0.0789,0,2021.06673097384,2021.14563097384,Alpha_543
5,2,Queens,Queens,0.00018,0.07908,0.0789,2021.14563097384,2021.14581097384,Alpha_543
5,3,Queens,Queens,0.10418,0.18308,0.0789,2021.14563097384,2021.24981097384,Alpha_543
5,6,NewYork,NewYork,0.00146390744399999,0.00146390744399999,0,2021.29076068493,2021.29222459237,Delta_2882
5,7,NewYork,NewYork,0.00146390744399999,0.00146390744399999,0,2021.29076068493,2021.29222459237,Delta_2882
7,3,NewYork,NewYork,0.11198,0.113443907444,0.00146390744399999,2021.29222459237,2021.40420459237,Delta_2882
7,4,NewYork,NewYork,0.11198,0.113443907444,0.00146390744399999,2021.29222459237,2021.40420459237,Delta_2882
6,2,NewYork,NewYork,0.11698,0.118443907444,0.00146390744399999,2021.29222459237,2021.40920459237,Delta_2882
6,1,NewYork,Bronx,0.13598,0.137443907444,0.00146390744399999,2021.29222459237,2021.42820459237,Delta_2882
4,1,Nassau,Nassau,0.04904515853,0.04904515853,0,2021.15663041099,2021.20567556952,O-BA1_1047
4,5,Nassau,Nassau,0.000705158534300004,0.000705158534300004,0,2021.15663041099,2021.15733556952,O-BA1_1047
5,2,Nassau,NewYork,0.10334,0.1040451585343,0.000705158534300004,2021.15733556952,2021.26067556952,O-BA1_1047
5,3,Nassau,NewYork,0.10334,0.1040451585343,0.000705158534300004,2021.15733556952,2021.26067556952,O-BA1_1047
4,1,Kings,Kings,0.13728,0.13728,0,2021.30311805426,2021.44039805426,Delta_2676
4,5,Kings,Kings,0.09162,0.09162,0,2021.30311805426,2021.39473805426,Delta_2676
5,2,Kings,Kings,0.13866,0.23028,0.09162,2021.39473805426,2021.53339805426,Delta_2676
5,3,Kings,Kings,0.14466,0.23628,0.09162,2021.39473805426,2021.53939805426,Delta_2676
4,1,NewYork,Westchester,0.11189,0.11189,0,2021.17831,2021.2902,Delta_873
4,5,NewYork,NewYork,0.15068,0.15068,0,2021.17831,2021.32899,Delta_873
5,3,NewYork,NewYork,0.11121,0.26189,0.15068,2021.32899,2021.4402,Delta_873
5,2,NewYork,Nassau,0.14721,0.29789,0.15068,2021.32899,2021.4762,Delta_873
5,1,Queens,Suffolk,0.1764,0.1764,0,2021.19240315068,2021.36880315068,Alpha_472
5,6,Queens,Queens,0.06442282677,0.06442282677,0,2021.19240315068,2021.25682597745,Alpha_472
6,2,Queens,Queens,0.00197717323399998,0.066400000004,0.06442282677,2021.25682597745,2021.25880315068,Alpha_472
6,7,Queens,NewYork,0.06564717323,0.13007,0.06442282677,2021.25682597745,2021.32247315068,Alpha_472
7,4,NewYork,NewYork,0.00533,0.1354,0.13007,2021.32247315068,2021.32780315068,Alpha_472
7,3,NewYork,Suffolk,0.12533,0.2554,0.13007,2021.32247315068,2021.44780315068,Alpha_472
10,11,Queens,Queens,0.04097,0.04097,0,2021.25235178082,2021.29332178082,Delta_946
10,12,Queens,Queens,0.00220999999999999,0.00220999999999999,0,2021.25235178082,2021.25456178082,Delta_946
12,13,Queens,Queens,0.0334,0.03561,0.00220999999999999,2021.25456178082,2021.28796178082,Delta_946
13,14,Queens,Queens,0.00220999999999999,0.03782,0.03561,2021.28796178082,2021.29017178082,Delta_946
14,15,Queens,Queens,0.00547999999999998,0.0433,0.03782,2021.29017178082,2021.29565178082,Delta_946
15,16,Queens,Queens,0.01644,0.05974,0.0433,2021.29565178082,2021.31209178082,Delta_946
12,3,Queens,NewYork,0.11166,0.11387,0.00220999999999999,2021.25456178082,2021.36622178082,Delta_946
14,4,Queens,Queens,0.11205,0.14987,0.03782,2021.29017178082,2021.40222178082,Delta_946
15,5,Queens,Queens,0.11157,0.15487,0.0433,2021.29565178082,2021.40722178082,Delta_946
13,17,Queens,Queens,0.13098,0.16659,0.03561,2021.28796178082,2021.41894178082,Delta_946
16,6,Queens,Queens,0.11113,0.17087,0.05974,2021.31209178082,2021.42322178082,Delta_946
16,7,Queens,Queens,0.12513,0.18487,0.05974,2021.31209178082,2021.43722178082,Delta_946
11,1,Queens,Queens,0.1519,0.19287,0.04097,2021.29332178082,2021.44522178082,Delta_946
11,2,Queens,Queens,0.1519,0.19287,0.04097,2021.29332178082,2021.44522178082,Delta_946
17,9,Queens,Suffolk,0.11128,0.27787,0.16659,2021.41894178082,2021.53022178082,Delta_946
17,8,Queens,Queens,0.18028,0.34687,0.16659,2021.41894178082,2021.59922178082,Delta_946
4,1,Westchester,Westchester,0.1413736035,0.1413736035,0,2021.20316506849,2021.34453867199,Delta_1307
4,5,Westchester,Westchester,0.00150360347699999,0.00150360347699999,0,2021.20316506849,2021.20466867197,Delta_1307
5,3,Westchester,Westchester,0.13987,0.141373603477,0.00150360347699999,2021.20466867197,2021.34453867197,Delta_1307
5,2,Westchester,Westchester,0.14787,0.149373603477,0.00150360347699999,2021.20466867197,2021.35253867197,Delta_1307
5,6,Kings,Queens,0.07258,0.07258,0,2020.91543068493,2020.98801068493,Alpha_60
5,7,Kings,Kings,0.04617,0.04617,0,2020.91543068493,2020.96160068493,Alpha_60
7,4,Kings,Kings,0.06901,0.11518,0.04617,2020.96160068493,2021.03061068493,Alpha_60
6,2,Queens,Queens,0.0426,0.11518,0.07258,2020.98801068493,2021.03061068493,Alpha_60
6,1,Queens,Queens,0.0566,0.12918,0.07258,2020.98801068493,2021.04461068493,Alpha_60
7,3,Kings,Kings,0.09101,0.13718,0.04617,2020.96160068493,2021.05261068493,Alpha_60
4,5,Kings,Kings,0.002616442311,0.002616442311,0,2021.06650523539,2021.0691216777,Alpha_574
4,3,Kings,Kings,0.00273000000000001,0.00273000000000001,0,2021.06650523539,2021.06923523539,Alpha_574
5,1,Kings,Kings,0.000113557689299992,0.00273000000029999,0.002616442311,2021.0691216777,2021.06923523539,Alpha_574
5,2,Kings,Suffolk,0.1671135577,0.169730000011,0.002616442311,2021.0691216777,2021.2362352354,Alpha_574
5,6,Kings,NewYork,0.00274,0.00274,0,2021.26114746644,2021.26388746644,O-BA1_331
5,4,Kings,Kings,0.00237,0.00237,0,2021.26114746644,2021.26351746644,O-BA1_331
6,7,NewYork,NewYork,0.00185,0.00459,0.00274,2021.26388746644,2021.26573746644,O-BA1_331
6,3,NewYork,NewYork,0.00263,0.00537,0.00274,2021.26388746644,2021.26651746644,O-BA1_331
7,2,NewYork,NewYork,0.00078,0.00537,0.00459,2021.26573746644,2021.26651746644,O-BA1_331
7,1,NewYork,NewYork,0.00278,0.00737,0.00459,2021.26573746644,2021.26851746644,O-BA1_331
4,1,Westchester,Westchester,0.112,0.112,0,2021.24306140099,2021.35506140099,Delta_1966
4,5,Westchester,Westchester,0.01096,0.01096,0,2021.24306140099,2021.25402140099,Delta_1966
5,3,Westchester,Westchester,0.11204,0.123,0.01096,2021.25402140099,2021.36606140099,Delta_1966
5,2,Westchester,Westchester,0.13304,0.144,0.01096,2021.25402140099,2021.38706140099,Delta_1966
29,1,Nassau,Nassau,0.07853,0.07853,0,2021.14810410959,2021.22663410959,Alpha_429
29,30,Nassau,Nassau,0.00902999999999998,0.00902999999999998,0,2021.14810410959,2021.15713410959,Alpha_429
30,33,Nassau,Nassau,0.00609000000000004,0.01512,0.00902999999999998,2021.15713410959,2021.16322410959,Alpha_429
33,34,Nassau,Nassau,0.00907000000000002,0.02419,0.01512,2021.16322410959,2021.17229410959,Alpha_429
34,43,Nassau,Nassau,0.00295999999999996,0.02715,0.02419,2021.17229410959,2021.17525410959,Alpha_429
43,47,Nassau,Nassau,0.00546999999999997,0.03262,0.02715,2021.17525410959,2021.18072410959,Alpha_429
47,48,Nassau,Nassau,0.00409233708099999,0.036712337081,0.03262,2021.18072410959,2021.18481644667,Alpha_429
48,19,Nassau,Nassau,0.000817662919100015,0.0375300000001,0.036712337081,2021.18481644667,2021.18563410959,Alpha_429
48,20,Nassau,Queens,0.000817662919100015,0.0375300000001,0.036712337081,2021.18481644667,2021.18563410959,Alpha_429
47,49,Nassau,Queens,0.0487636758300001,0.0813836758300001,0.03262,2021.18072410959,2021.22948778542,Alpha_429
49,50,Queens,Queens,0.000546324167999934,0.081929999998,0.0813836758300001,2021.22948778542,2021.23003410959,Alpha_429
34,35,Nassau,Nassau,0.06894,0.09313,0.02419,2021.17229410959,2021.24123410959,Alpha_429
33,5,Nassau,Kings,0.09141,0.10653,0.01512,2021.16322410959,2021.25463410959,Alpha_429
35,36,Nassau,Suffolk,0.033,0.12613,0.09313,2021.24123410959,2021.27423410959,Alpha_429
35,38,Nassau,Nassau,0.0356,0.12873,0.09313,2021.24123410959,2021.27683410959,Alpha_429
49,28,Queens,Queens,0.0551463241699999,0.13653,0.0813836758300001,2021.22948778542,2021.28463410959,Alpha_429
50,21,Queens,Nassau,0.0596,0.141529999998,0.081929999998,2021.23003410959,2021.28963410959,Alpha_429
50,51,Queens,Queens,0.061231457,0.143161456998,0.081929999998,2021.23003410959,2021.29126556659,Alpha_429
51,55,Queens,Queens,0.00124796809500005,0.144409425093,0.143161456998,2021.29126556659,2021.29251353468,Alpha_429
55,26,Queens,Queens,0.000120574903199944,0.1445299999962,0.144409425093,2021.29251353468,2021.29263410959,Alpha_429
36,37,Suffolk,Suffolk,0.02182,0.14795,0.12613,2021.27423410959,2021.29605410959,Alpha_429
38,9,Nassau,Suffolk,0.0238,0.15253,0.12873,2021.27683410959,2021.30063410959,Alpha_429
30,31,Nassau,Nassau,0.16038,0.16941,0.00902999999999998,2021.15713410959,2021.31751410959,Alpha_429
31,2,Nassau,Nassau,0.000119999999900033,0.1695299999999,0.16941,2021.31751410959,2021.31763410959,Alpha_429
36,6,Suffolk,Suffolk,0.0484,0.17453,0.12613,2021.27423410959,2021.32263410959,Alpha_429
38,39,Nassau,Nassau,0.05434,0.18307,0.12873,2021.27683410959,2021.33117410959,Alpha_429
51,52,Queens,Suffolk,0.048288543,0.191449999998,0.143161456998,2021.29126556659,2021.33955410959,Alpha_429
39,40,Nassau,Nassau,0.00852999999999998,0.1916,0.18307,2021.33117410959,2021.33970410959,Alpha_429
52,53,Suffolk,Suffolk,0.01084,0.202289999998,0.191449999998,2021.33955410959,2021.35039410959,Alpha_429
53,23,Suffolk,Suffolk,0.000239999999999962,0.202529999998,0.202289999998,2021.35039410959,2021.35063410959,Alpha_429
40,41,Nassau,Suffolk,0.02219,0.21379,0.1916,2021.33970410959,2021.36189410959,Alpha_429
41,42,Suffolk,Suffolk,0.00324323596699999,0.217033235967,0.21379,2021.36189410959,2021.36513734556,Alpha_429
42,13,Suffolk,Suffolk,0.00149676403299998,0.21853,0.217033235967,2021.36513734556,2021.36663410959,Alpha_429
43,44,Nassau,Queens,0.20406,0.23121,0.02715,2021.17525410959,2021.37931410959,Alpha_429
53,54,Suffolk,Nassau,0.0301399999999999,0.232429999998,0.202289999998,2021.35039410959,2021.38053410959,Alpha_429
54,25,Nassau,Nassau,0.000099999999999989,0.232529999998,0.232429999998,2021.38053410959,2021.38063410959,Alpha_429
42,14,Suffolk,Suffolk,0.02649676403,0.243529999997,0.217033235967,2021.36513734556,2021.39163410959,Alpha_429
54,24,Nassau,Suffolk,0.0131,0.245529999998,0.232429999998,2021.38053410959,2021.39363410959,Alpha_429
37,8,Suffolk,Suffolk,0.11458,0.26253,0.14795,2021.29605410959,2021.41063410959,Alpha_429
41,12,Suffolk,Suffolk,0.04874,0.26253,0.21379,2021.36189410959,2021.41063410959,Alpha_429
44,45,Queens,Queens,0.03969,0.2709,0.23121,2021.37931410959,2021.41900410959,Alpha_429
45,46,Queens,Queens,0.00262000000000001,0.27352,0.2709,2021.41900410959,2021.42162410959,Alpha_429
46,17,Queens,Queens,0.00000999999994300005,0.273529999999943,0.27352,2021.42162410959,2021.42163410959,Alpha_429
46,18,Queens,Queens,0.00000999999994300005,0.273529999999943,0.27352,2021.42162410959,2021.42163410959,Alpha_429
52,22,Suffolk,Suffolk,0.09008,0.281529999998,0.191449999998,2021.33955410959,2021.42963410959,Alpha_429
39,10,Nassau,Nassau,0.09846,0.28153,0.18307,2021.33117410959,2021.42963410959,Alpha_429
45,16,Queens,Queens,0.01063,0.28153,0.2709,2021.41900410959,2021.42963410959,Alpha_429
40,11,Nassau,Queens,0.09293,0.28453,0.1916,2021.33970410959,2021.43263410959,Alpha_429
44,15,Queens,Queens,0.05332,0.28453,0.23121,2021.37931410959,2021.43263410959,Alpha_429
37,7,Suffolk,Nassau,0.15258,0.30053,0.14795,2021.29605410959,2021.44863410959,Alpha_429
55,27,Queens,Suffolk,0.3151205749,0.459529999993,0.144409425093,2021.29251353468,2021.60763410958,Alpha_429
31,32,Nassau,Suffolk,0.4348080772,0.6042180772,0.16941,2021.31751410959,2021.75232218679,Alpha_429
32,3,Suffolk,Suffolk,0.000311922777999962,0.604529999978,0.6042180772,2021.75232218679,2021.75263410957,Alpha_429
32,4,Suffolk,Suffolk,0.00631192277799997,0.610529999978,0.6042180772,2021.75232218679,2021.75863410957,Alpha_429
4,1,Nassau,Nassau,0.0006,0.0006,0,2021.31290356164,2021.31350356164,O-BA1_1286
4,5,Nassau,Nassau,0.01096,0.01096,0,2021.31290356164,2021.32386356164,O-BA1_1286
5,3,Nassau,Nassau,0.000640000000000002,0.0116,0.01096,2021.32386356164,2021.32450356164,O-BA1_1286
5,2,Nassau,Nassau,0.01664,0.0276,0.01096,2021.32386356164,2021.34050356164,O-BA1_1286
5,6,NewYork,Bronx,0.08967897668,0.08967897668,0,2021.12770356164,2021.21738253832,Delta_901
5,7,NewYork,NewYork,0.0000389766754800014,0.0000389766754800014,0,2021.12770356164,2021.12774253832,Delta_901
7,3,NewYork,Queens,0.16256,0.16259897667548,0.0000389766754800014,2021.12774253832,2021.29030253832,Delta_901
7,4,NewYork,NewYork,0.18756,0.18759897667548,0.0000389766754800014,2021.12774253832,2021.31530253832,Delta_901
6,2,Bronx,Bronx,0.11192,0.20159897668,0.08967897668,2021.21738253832,2021.32930253832,Delta_901
6,1,Bronx,Bronx,0.13392,0.22359897668,0.08967897668,2021.21738253832,2021.35130253832,Delta_901
8,9,Westchester,Westchester,0.01828,0.01828,0,2021.08539712329,2021.10367712329,Delta_3601
9,10,Westchester,Westchester,0.0126,0.03088,0.01828,2021.10367712329,2021.11627712329,Delta_3601
8,11,Westchester,Westchester,0.04885,0.04885,0,2021.08539712329,2021.13424712329,Delta_3601
11,12,Westchester,Westchester,0.00227999999999998,0.05113,0.04885,2021.13424712329,2021.13652712329,Delta_3601
12,13,Westchester,Westchester,0.00822000000000001,0.05935,0.05113,2021.13652712329,2021.14474712329,Delta_3601
9,1,Westchester,Westchester,0.13349,0.15177,0.01828,2021.10367712329,2021.23716712329,Delta_3601
10,2,Westchester,Westchester,0.12089,0.15177,0.03088,2021.11627712329,2021.23716712329,Delta_3601
10,3,Westchester,Westchester,0.12089,0.15177,0.03088,2021.11627712329,2021.23716712329,Delta_3601
12,5,Westchester,Westchester,0.11164,0.16277,0.05113,2021.13652712329,2021.24816712329,Delta_3601
13,7,Westchester,Westchester,0.11142,0.17077,0.05935,2021.14474712329,2021.25616712329,Delta_3601
13,6,Westchester,Nassau,0.14742,0.20677,0.05935,2021.14474712329,2021.29216712329,Delta_3601
11,4,Westchester,Westchester,0.17692,0.22577,0.04885,2021.13424712329,2021.31116712329,Delta_3601
4,1,Westchester,Kings,0.17439,0.17439,0,2021.09379479452,2021.26818479452,Delta_2070
4,5,Westchester,Westchester,0.00228,0.00228,0,2021.09379479452,2021.09607479452,Delta_2070
5,2,Westchester,Westchester,0.11111,0.11339,0.00228,2021.09607479452,2021.20718479452,Delta_2070
5,3,Westchester,Westchester,0.11111,0.11339,0.00228,2021.09607479452,2021.20718479452,Delta_2070
4,1,Queens,Nassau,0.11203,0.11203,0,2020.98620383562,2021.09823383562,Delta_1096
4,5,Queens,Queens,0.05479,0.05479,0,2020.98620383562,2021.04099383562,Delta_1096
5,2,Queens,Queens,0.11124,0.16603,0.05479,2021.04099383562,2021.15223383562,Delta_1096
5,3,Queens,Queens,0.12824,0.18303,0.05479,2021.04099383562,2021.16923383562,Delta_1096
4,1,NewYork,NewYork,0.00016,0.00016,0,2021.09373246575,2021.09389246575,O-BA1_320
4,5,NewYork,Westchester,0.0037,0.0037,0,2021.09373246575,2021.09743246575,O-BA1_320
5,2,Westchester,Westchester,0.00246,0.00616,0.0037,2021.09743246575,2021.09989246575,O-BA1_320
5,3,Westchester,Westchester,0.00246,0.00616,0.0037,2021.09743246575,2021.09989246575,O-BA1_320
5,1,Queens,Queens,0.0009093430023,0.0009093430023,0,2021.1245009589,2021.1254103019,Alpha_253
5,6,Queens,Queens,0.017719343,0.017719343,0,2021.1245009589,2021.1422203019,Alpha_253
6,7,Queens,Queens,0.001914588581,0.019633931581,0.017719343,2021.1422203019,2021.14413489048,Alpha_253
7,3,Queens,Queens,0.000275411418600002,0.0199093429996,0.019633931581,2021.14413489048,2021.1444103019,Alpha_253
7,4,Queens,Queens,0.000275411418600002,0.0199093429996,0.019633931581,2021.14413489048,2021.1444103019,Alpha_253
6,2,Queens,Queens,0.00519,0.022909343,0.017719343,2021.1422203019,2021.1474103019,Alpha_253
4,1,NewYork,Queens,0.14458,0.14458,0,2021.11983112821,2021.26441112821,Delta_327
4,5,NewYork,NewYork,0.02191,0.02191,0,2021.11983112821,2021.14174112821,Delta_327
5,3,NewYork,Kings,0.11167,0.13358,0.02191,2021.14174112821,2021.25341112821,Delta_327
5,2,NewYork,NewYork,0.13867,0.16058,0.02191,2021.14174112821,2021.28041112821,Delta_327
4,1,Queens,Queens,0.11169,0.11169,0,2021.22476928468,2021.33645928468,Delta_360
4,5,Queens,Queens,0.03288,0.03288,0,2021.22476928468,2021.25764928468,Delta_360
5,2,Queens,Queens,0.11181,0.14469,0.03288,2021.25764928468,2021.36945928468,Delta_360
5,3,Queens,Richmond,0.12481,0.15769,0.03288,2021.25764928468,2021.38245928468,Delta_360
4,1,NewYork,Kings,0.0007200000001,0.0007200000001,0,2021.19043164384,2021.19115164384,O-BA1_605
4,5,NewYork,NewYork,0.00548,0.00548,0,2021.19043164384,2021.19591164384,O-BA1_605
5,2,NewYork,NewYork,0.0002399999999,0.0057199999999,0.00548,2021.19591164384,2021.19615164384,O-BA1_605
5,3,NewYork,NewYork,0.0002399999999,0.0057199999999,0.00548,2021.19591164384,2021.19615164384,O-BA1_605
19,1,Kings,Kings,0.000990000000000001,0.000990000000000001,0,2021.22984829477,2021.23083829477,O-BA1_189
19,20,Kings,NewYork,0.01379,0.01379,0,2021.22984829477,2021.24363829477,O-BA1_189
20,21,NewYork,NewYork,0.0018,0.01559,0.01379,2021.24363829477,2021.24543829477,O-BA1_189
20,25,NewYork,NewYork,0.0018,0.01559,0.01379,2021.24363829477,2021.24543829477,O-BA1_189
21,22,NewYork,NewYork,0.00174,0.01733,0.01559,2021.24543829477,2021.24717829477,O-BA1_189
25,31,NewYork,NewYork,0.00174,0.01733,0.01559,2021.24543829477,2021.24717829477,O-BA1_189
25,26,NewYork,Kings,0.00274,0.01833,0.01559,2021.24543829477,2021.24817829477,O-BA1_189
21,24,NewYork,NewYork,0.00359,0.01918,0.01559,2021.24543829477,2021.24902829477,O-BA1_189
22,23,NewYork,NewYork,0.00185,0.01918,0.01733,2021.24717829477,2021.24902829477,O-BA1_189
31,32,NewYork,NewYork,0.00185,0.01918,0.01733,2021.24717829477,2021.24902829477,O-BA1_189
22,4,NewYork,NewYork,0.00266,0.01999,0.01733,2021.24717829477,2021.24983829477,O-BA1_189
23,2,NewYork,Kings,0.000810000000000002,0.01999,0.01918,2021.24902829477,2021.24983829477,O-BA1_189
23,3,NewYork,NewYork,0.000810000000000002,0.01999,0.01918,2021.24902829477,2021.24983829477,O-BA1_189
24,5,NewYork,Queens,0.000810000000000002,0.01999,0.01918,2021.24902829477,2021.24983829477,O-BA1_189
24,6,NewYork,Suffolk,0.000810000000000002,0.01999,0.01918,2021.24902829477,2021.24983829477,O-BA1_189
32,13,NewYork,NewYork,0.000810000000000002,0.01999,0.01918,2021.24902829477,2021.24983829477,O-BA1_189
32,14,NewYork,Suffolk,0.000810000000000002,0.01999,0.01918,2021.24902829477,2021.24983829477,O-BA1_189
26,28,Kings,Kings,0.00174,0.02007,0.01833,2021.24817829477,2021.24991829477,O-BA1_189
26,27,Kings,Kings,0.00359,0.02192,0.01833,2021.24817829477,2021.25176829477,O-BA1_189
28,29,Kings,Kings,0.00185,0.02192,0.02007,2021.24991829477,2021.25176829477,O-BA1_189
28,30,Kings,Westchester,0.00185,0.02192,0.02007,2021.24991829477,2021.25176829477,O-BA1_189
27,7,Kings,Kings,0.0000699999999499989,0.02198999999995,0.02192,2021.25176829477,2021.25183829477,O-BA1_189
27,8,Kings,Kings,0.0000699999999499989,0.02198999999995,0.02192,2021.25176829477,2021.25183829477,O-BA1_189
29,9,Kings,Kings,0.0000699999999499989,0.02198999999995,0.02192,2021.25176829477,2021.25183829477,O-BA1_189
29,10,Kings,Suffolk,0.0000699999999499989,0.02198999999995,0.02192,2021.25176829477,2021.25183829477,O-BA1_189
30,11,Westchester,Westchester,0.0000699999999499989,0.02198999999995,0.02192,2021.25176829477,2021.25183829477,O-BA1_189
30,12,Westchester,Queens,0.0000699999999499989,0.02198999999995,0.02192,2021.25176829477,2021.25183829477,O-BA1_189
31,33,NewYork,NewYork,0.00648,0.02381,0.01733,2021.24717829477,2021.25365829477,O-BA1_189
33,34,NewYork,NewYork,0.00174,0.02555,0.02381,2021.25365829477,2021.25539829477,O-BA1_189
33,35,NewYork,Westchester,0.00359,0.0274,0.02381,2021.25365829477,2021.25724829477,O-BA1_189
34,15,NewYork,Kings,0.00244,0.02799,0.02555,2021.25539829477,2021.25783829477,O-BA1_189
35,17,Westchester,Westchester,0.00059,0.02799,0.0274,2021.25724829477,2021.25783829477,O-BA1_189
35,18,Westchester,Nassau,0.00059,0.02799,0.0274,2021.25724829477,2021.25783829477,O-BA1_189
34,16,NewYork,NewYork,0.00544,0.03099,0.02555,2021.25539829477,2021.26083829477,O-BA1_189
4,1,Kings,Queens,0.01657314053,0.01657314053,0,2021.11690085787,2021.1334739984,O-BA1_1275
4,5,Kings,Kings,0.002003140526,0.002003140526,0,2021.11690085787,2021.1189039984,O-BA1_1275
5,3,Kings,Kings,0.000569999999999998,0.002573140526,0.002003140526,2021.1189039984,2021.1194739984,O-BA1_1275
5,2,Kings,Kings,0.01957,0.021573140526,0.002003140526,2021.1189039984,2021.1384739984,O-BA1_1275
4,1,NewYork,Queens,0.11128,0.11128,0,2021.12771321575,2021.23899321575,Delta_3431
4,5,NewYork,NewYork,0.01644,0.01644,0,2021.12771321575,2021.14415321575,Delta_3431
5,3,NewYork,NewYork,0.11184,0.12828,0.01644,2021.14415321575,2021.25599321575,Delta_3431
5,2,NewYork,Nassau,0.30084,0.31728,0.01644,2021.14415321575,2021.44499321575,Delta_3431
5,1,Kings,Kings,0.11644,0.11644,0,2021.11674767122,2021.23318767122,Alpha_87
5,6,Kings,Queens,0.14898,0.14898,0,2021.11674767122,2021.26572767122,Alpha_87
6,7,Queens,Kings,0.03366,0.18264,0.14898,2021.26572767122,2021.29938767122,Alpha_87
6,4,Queens,Queens,0.05846,0.20744,0.14898,2021.26572767122,2021.32418767122,Alpha_87
7,2,Kings,Kings,0.0458,0.22844,0.18264,2021.29938767122,2021.34518767122,Alpha_87
7,3,Kings,Suffolk,0.0488,0.23144,0.18264,2021.29938767122,2021.34818767122,Alpha_87
8,9,Nassau,Nassau,0.0550377337,0.0550377337,0,2021.2429763152,2021.2980140489,Delta_1805
8,13,Nassau,Nassau,0.0002977336976,0.0002977336976,0,2021.2429763152,2021.2432740489,Delta_1805
9,10,Nassau,Nassau,0.09037,0.1454077337,0.0550377337,2021.2980140489,2021.3883840489,Delta_1805
10,11,Nassau,Nassau,0.00273999999999999,0.1481477337,0.1454077337,2021.3883840489,2021.3911240489,Delta_1805
13,6,Nassau,Nassau,0.15487,0.1551677336976,0.0002977336976,2021.2432740489,2021.3981440489,Delta_1805
11,12,Nassau,Nassau,0.00822000000000001,0.1563677337,0.1481477337,2021.3911240489,2021.3993440489,Delta_1805
10,2,Nassau,Nassau,0.11176,0.2571677337,0.1454077337,2021.3883840489,2021.5001440489,Delta_1805
11,3,Nassau,Nassau,0.11202,0.2601677337,0.1481477337,2021.3911240489,2021.5031440489,Delta_1805
9,1,Nassau,Nassau,0.21313,0.2681677337,0.0550377337,2021.2980140489,2021.5111440489,Delta_1805
12,4,Nassau,Nassau,0.1118,0.2681677337,0.1563677337,2021.3993440489,2021.5111440489,Delta_1805
12,5,Nassau,Bronx,0.1278,0.2841677337,0.1563677337,2021.3993440489,2021.5271440489,Delta_1805
13,7,Nassau,Nassau,0.30087,0.3011677336976,0.0002977336976,2021.2432740489,2021.5441440489,Delta_1805
4,1,NewYork,Queens,0.002832445588,0.002832445588,0,2021.28177684932,2021.28460929491,O-BA1_409
4,5,NewYork,NewYork,0.000741546260700001,0.000741546260700001,0,2021.28177684932,2021.28251839558,O-BA1_409
5,3,NewYork,NewYork,0.002090899327,0.0028324455877,0.000741546260700001,2021.28251839558,2021.28460929491,O-BA1_409
5,2,NewYork,Kings,0.01009089933,0.0108324455907,0.000741546260700001,2021.28251839558,2021.29260929491,O-BA1_409
25,1,NewYork,NewYork,0.000444184485200005,0.000444184485200005,0,2021.20183054793,2021.20227473242,Alpha_482
25,26,NewYork,Kings,0.02293418449,0.02293418449,0,2021.20183054793,2021.22476473242,Alpha_482
26,28,Kings,Kings,0.00280999999999998,0.02574418449,0.02293418449,2021.22476473242,2021.22757473242,Alpha_482
28,31,Kings,Kings,0.00262000000000001,0.02836418449,0.02574418449,2021.22757473242,2021.23019473242,Alpha_482
31,7,Kings,Kings,0.0000799999999299972,0.02844418448993,0.02836418449,2021.23019473242,2021.23027473242,Alpha_482
28,29,Kings,Nassau,0.02466,0.05040418449,0.02574418449,2021.22757473242,2021.25223473242,Alpha_482
29,30,Nassau,Nassau,0.001656526613,0.052060711103,0.05040418449,2021.25223473242,2021.25389125903,Alpha_482
30,5,Nassau,Nassau,0.000383473386700001,0.0524441844897,0.052060711103,2021.25389125903,2021.25427473242,Alpha_482
30,6,Nassau,Nassau,0.000383473386700001,0.0524441844897,0.052060711103,2021.25389125903,2021.25427473242,Alpha_482
31,32,Kings,Nassau,0.02456,0.05292418449,0.02836418449,2021.23019473242,2021.25475473242,Alpha_482
29,4,Nassau,Nassau,0.00503999999999999,0.05544418449,0.05040418449,2021.25223473242,2021.25727473242,Alpha_482
32,33,Nassau,Nassau,0.0028,0.05572418449,0.05292418449,2021.25475473242,2021.25755473242,Alpha_482
32,34,Nassau,Nassau,0.00548999999999999,0.05841418449,0.05292418449,2021.25475473242,2021.26024473242,Alpha_482
33,8,Nassau,Nassau,0.00272,0.05844418449,0.05572418449,2021.25755473242,2021.26027473242,Alpha_482
33,9,Nassau,Nassau,0.00272,0.05844418449,0.05572418449,2021.25755473242,2021.26027473242,Alpha_482
34,36,Nassau,Nassau,0.0103528634,0.06876704789,0.05841418449,2021.26024473242,2021.27059759582,Alpha_482
36,12,Nassau,Richmond,0.000677136600299999,0.0694441844903,0.06876704789,2021.27059759582,2021.27127473242,Alpha_482
36,37,Nassau,Nassau,0.00628713660000001,0.07505418449,0.06876704789,2021.27059759582,2021.27688473242,Alpha_482
37,38,Nassau,Nassau,0.01629,0.09134418449,0.07505418449,2021.27688473242,2021.29317473242,Alpha_482
38,14,Nassau,Nassau,0.00310000000000001,0.09444418449,0.09134418449,2021.29317473242,2021.29627473242,Alpha_482
26,27,Kings,Nassau,0.07453,0.09746418449,0.02293418449,2021.22476473242,2021.29929473242,Alpha_482
37,13,Nassau,Nassau,0.02439,0.09944418449,0.07505418449,2021.27688473242,2021.30127473242,Alpha_482
38,39,Nassau,Nassau,0.00838,0.09972418449,0.09134418449,2021.29317473242,2021.30155473242,Alpha_482
39,41,Nassau,Queens,0.00262,0.10234418449,0.09972418449,2021.30155473242,2021.30417473242,Alpha_482
41,17,Queens,Queens,0.000100000000000003,0.10244418449,0.10234418449,2021.30417473242,2021.30427473242,Alpha_482
39,40,Nassau,Nassau,0.01096,0.11068418449,0.09972418449,2021.30155473242,2021.31251473242,Alpha_482
40,15,Nassau,NewYork,0.00276,0.11344418449,0.11068418449,2021.31251473242,2021.31527473242,Alpha_482
41,42,Queens,Nassau,0.01148410846,0.11382829295,0.10234418449,2021.30417473242,2021.31565884088,Alpha_482
42,18,Nassau,Nassau,0.00161589153699999,0.115444184487,0.11382829295,2021.31565884088,2021.31727473242,Alpha_482
40,16,Nassau,Nassau,0.01076,0.12144418449,0.11068418449,2021.31251473242,2021.32327473242,Alpha_482
42,43,Nassau,NewYork,0.01870589154,0.13253418449,0.11382829295,2021.31565884088,2021.33436473242,Alpha_482
43,44,NewYork,Kings,0.00281000000000001,0.13534418449,0.13253418449,2021.33436473242,2021.33717473242,Alpha_482
44,19,Kings,Kings,0.00209999999999999,0.13744418449,0.13534418449,2021.33717473242,2021.33927473242,Alpha_482
43,45,NewYork,NewYork,0.0055,0.13803418449,0.13253418449,2021.33436473242,2021.33986473242,Alpha_482
44,20,Kings,Kings,0.00509999999999999,0.14044418449,0.13534418449,2021.33717473242,2021.34227473242,Alpha_482
45,46,NewYork,Kings,0.00278999999999999,0.14082418449,0.13803418449,2021.33986473242,2021.34265473242,Alpha_482
45,24,NewYork,NewYork,0.00541,0.14344418449,0.13803418449,2021.33986473242,2021.34527473242,Alpha_482
46,21,Kings,Suffolk,0.00262000000000001,0.14344418449,0.14082418449,2021.34265473242,2021.34527473242,Alpha_482
46,47,Kings,Kings,0.00548000000000001,0.14630418449,0.14082418449,2021.34265473242,2021.34813473242,Alpha_482
47,22,Kings,Queens,0.00214,0.14844418449,0.14630418449,2021.34813473242,2021.35027473242,Alpha_482
47,23,Kings,Kings,0.00814000000000001,0.15444418449,0.14630418449,2021.34813473242,2021.35627473242,Alpha_482
27,2,Nassau,Nassau,0.07098,0.16844418449,0.09746418449,2021.29929473242,2021.37027473242,Alpha_482
34,35,Nassau,Westchester,0.1229829548,0.18139713929,0.05841418449,2021.26024473242,2021.38322768722,Alpha_482
35,10,Westchester,Westchester,0.0000470451620299961,0.18144418445203,0.18139713929,2021.38322768722,2021.38327473238,Alpha_482
35,11,Westchester,Westchester,0.0000470451620299961,0.18144418445203,0.18139713929,2021.38322768722,2021.38327473238,Alpha_482
27,3,Nassau,Suffolk,0.09198,0.18944418449,0.09746418449,2021.29929473242,2021.39127473242,Alpha_482
6,7,Kings,Kings,0.03145919324,0.03145919324,0,2021.21349164382,2021.24495083706,O-BA1_1420
6,9,Kings,Kings,0.00179,0.00179,0,2021.21349164382,2021.21528164382,O-BA1_1420
9,4,Kings,Kings,0.000649999999999998,0.00244,0.00179,2021.21528164382,2021.21593164382,O-BA1_1420
9,5,Kings,Queens,0.00865,0.01044,0.00179,2021.21528164382,2021.22393164382,O-BA1_1420
7,8,Kings,Kings,0.001820806758,0.033279999998,0.03145919324,2021.24495083706,2021.24677164382,O-BA1_1420
8,3,Kings,Kings,0.04316,0.076439999998,0.033279999998,2021.24677164382,2021.28993164382,O-BA1_1420
7,1,Kings,NewYork,0.04498080676,0.07644,0.03145919324,2021.24495083706,2021.28993164382,O-BA1_1420
8,2,Kings,NewYork,0.05616,0.089439999998,0.033279999998,2021.24677164382,2021.30293164382,O-BA1_1420
4,1,NewYork,NewYork,0.001887457196,0.001887457196,0,2021.05174808219,2021.05363553939,Alpha_624
4,5,NewYork,NewYork,0.0185274572,0.0185274572,0,2021.05174808219,2021.07027553939,Alpha_624
5,3,NewYork,NewYork,0.000359999999999999,0.0188874572,0.0185274572,2021.07027553939,2021.07063553939,Alpha_624
5,2,NewYork,NewYork,0.02436,0.0428874572,0.0185274572,2021.07027553939,2021.09463553939,Alpha_624
5,1,Nassau,Nassau,0.11139,0.11139,0,2021.0090001895,2021.1203901895,Delta_3472
5,6,Nassau,Nassau,0.0137,0.0137,0,2021.0090001895,2021.0227001895,Delta_3472
6,7,Nassau,Nassau,0.00548000000000001,0.01918,0.0137,2021.0227001895,2021.0281801895,Delta_3472
6,2,Nassau,Suffolk,0.11169,0.12539,0.0137,2021.0227001895,2021.1343901895,Delta_3472
7,3,Nassau,Nassau,0.11121,0.13039,0.01918,2021.0281801895,2021.1393901895,Delta_3472
7,4,Nassau,Bronx,0.13321,0.15239,0.01918,2021.0281801895,2021.1613901895,Delta_3472
7,1,NewYork,Queens,0.114125987,0.114125987,0,2020.95933301372,2021.07345900072,Delta_924
7,8,NewYork,NewYork,0.00206324002800001,0.00206324002800001,0,2020.95933301372,2020.96139625375,Delta_924
8,9,NewYork,NewYork,0.02769274695,0.029755986978,0.00206324002800001,2020.96139625375,2020.9890890007,Delta_924
9,10,NewYork,NewYork,0.03855,0.068305986978,0.029755986978,2020.9890890007,2021.0276390007,Delta_924
9,3,NewYork,NewYork,0.11737,0.147125986978,0.029755986978,2020.9890890007,2021.1064590007,Delta_924
8,2,NewYork,NewYork,0.161062747,0.163125987028,0.00206324002800001,2020.96139625375,2021.12245900075,Delta_924
10,4,NewYork,Kings,0.11182,0.180125986978,0.068305986978,2021.0276390007,2021.1394590007,Delta_924
10,11,NewYork,NewYork,0.26027,0.328575986978,0.068305986978,2021.0276390007,2021.2879090007,Delta_924
11,6,NewYork,NewYork,0.11155,0.440125986978,0.328575986978,2021.2879090007,2021.3994590007,Delta_924
11,5,NewYork,NewYork,0.11455,0.443125986978,0.328575986978,2021.2879090007,2021.4024590007,Delta_924
4,1,Kings,Kings,0.06393973604,0.06393973604,0,2021.00255863014,2021.06649836618,Alpha_628
4,5,Kings,Kings,0.000492718119300004,0.000492718119300004,0,2021.00255863014,2021.00305134826,Alpha_628
5,2,Kings,Kings,0.000447017916700002,0.000939736036000005,0.000492718119300004,2021.00305134826,2021.00349836618,Alpha_628
5,3,Kings,Kings,0.000447017916700002,0.000939736036000005,0.000492718119300004,2021.00305134826,2021.00349836618,Alpha_628
4,1,NewYork,Kings,0.02707756844,0.02707756844,0,2021.06168410959,2021.08876167803,O-BA1_1518
4,5,NewYork,NewYork,0.03412756844,0.03412756844,0,2021.06168410959,2021.09581167803,O-BA1_1518
5,3,NewYork,Kings,0.00894999999999999,0.04307756844,0.03412756844,2021.09581167803,2021.10476167803,O-BA1_1518
5,2,NewYork,NewYork,0.06695,0.10107756844,0.03412756844,2021.09581167803,2021.16276167803,O-BA1_1518
9,10,NewYork,NewYork,0.03182287712,0.03182287712,0,2020.91470746975,2020.94653034687,Delta_129
9,14,NewYork,NewYork,0.000709649046500005,0.000709649046500005,0,2020.91470746975,2020.9154171188,Delta_129
10,12,NewYork,NewYork,0.000150670541999992,0.031973547662,0.03182287712,2020.94653034687,2020.94668101742,Delta_129
10,11,NewYork,NewYork,0.000466771925799997,0.0322896490458,0.03182287712,2020.94653034687,2020.9469971188,Delta_129
12,13,NewYork,NewYork,0.000316101383800005,0.0322896490458,0.031973547662,2020.94668101742,2020.9469971188,Delta_129
14,15,NewYork,NewYork,0.03158,0.0322896490465,0.000709649046500005,2020.9154171188,2020.9469971188,Delta_129
11,1,NewYork,NewYork,0.11207,0.1443596490458,0.0322896490458,2020.9469971188,2021.0590671188,Delta_129
13,4,NewYork,Queens,0.11207,0.1443596490458,0.0322896490458,2020.9469971188,2021.0590671188,Delta_129
13,5,NewYork,Kings,0.11207,0.1443596490458,0.0322896490458,2020.9469971188,2021.0590671188,Delta_129
14,6,NewYork,Bronx,0.14365,0.1443596490465,0.000709649046500005,2020.9154171188,2021.0590671188,Delta_129
15,7,NewYork,Queens,0.11207,0.1443596490465,0.0322896490465,2020.9469971188,2021.0590671188,Delta_129
15,8,NewYork,Kings,0.11207,0.1443596490465,0.0322896490465,2020.9469971188,2021.0590671188,Delta_129
12,3,NewYork,Bronx,0.1123861014,0.144359649062,0.031973547662,2020.94668101742,2021.05906711882,Delta_129
11,2,NewYork,Queens,0.11707,0.1493596490458,0.0322896490458,2020.9469971188,2021.0640671188,Delta_129
4,1,Kings,Kings,0.13761,0.13761,0,2021.03185424658,2021.16946424658,Delta_3049
4,5,Kings,Kings,0.02617,0.02617,0,2021.03185424658,2021.05802424658,Delta_3049
5,2,Kings,Kings,0.11144,0.13761,0.02617,2021.05802424658,2021.16946424658,Delta_3049
5,3,Kings,Kings,0.11444,0.14061,0.02617,2021.05802424658,2021.17246424658,Delta_3049
5,1,Queens,Kings,0.11157,0.11157,0,2021.12957068493,2021.24114068493,Delta_1229
5,6,Queens,Queens,0.02466,0.02466,0,2021.12957068493,2021.15423068493,Delta_1229
6,7,Queens,Queens,0.00548,0.03014,0.02466,2021.15423068493,2021.15971068493,Delta_1229
6,2,Queens,Queens,0.11191,0.13657,0.02466,2021.15423068493,2021.26614068493,Delta_1229
7,3,Queens,Queens,0.11143,0.14157,0.03014,2021.15971068493,2021.27114068493,Delta_1229
7,4,Queens,Queens,0.11143,0.14157,0.03014,2021.15971068493,2021.27114068493,Delta_1229
5,1,Westchester,Westchester,0.11141,0.11141,0,2021.15007945205,2021.26148945205,Delta_3348
5,6,Westchester,Westchester,0.00594,0.00594,0,2021.15007945205,2021.15601945205,Delta_3348
6,7,Westchester,Westchester,0.00228,0.00822000000000001,0.00594,2021.15601945205,2021.15829945205,Delta_3348
6,2,Westchester,Westchester,0.11347,0.11941,0.00594,2021.15601945205,2021.26948945205,Delta_3348
7,3,Westchester,Westchester,0.11119,0.11941,0.00822000000000001,2021.15829945205,2021.26948945205,Delta_3348
7,4,Westchester,Westchester,0.11119,0.11941,0.00822000000000001,2021.15829945205,2021.26948945205,Delta_3348
8,9,NewYork,NewYork,0.05739011532,0.05739011532,0,2021.15425742086,2021.21164753618,Alpha_419
8,11,NewYork,Westchester,0.01084,0.01084,0,2021.15425742086,2021.16509742086,Alpha_419
11,4,Westchester,Westchester,0.000229999999900005,0.0110699999999,0.01084,2021.16509742086,2021.16532742086,Alpha_419
11,12,Westchester,Queens,0.01449304733,0.02533304733,0.01084,2021.16509742086,2021.17959046819,Alpha_419
12,5,Queens,Queens,0.00173695266600002,0.027069999996,0.02533304733,2021.17959046819,2021.18132742086,Alpha_419
9,10,NewYork,NewYork,0.008281728557,0.065671843877,0.05739011532,2021.21164753618,2021.21992926474,Alpha_419
12,13,Queens,NewYork,0.04262348599,0.06795653332,0.02533304733,2021.17959046819,2021.22221395418,Alpha_419
13,6,NewYork,NewYork,0.000113466679400001,0.0680699999994,0.06795653332,2021.22221395418,2021.22232742086,Alpha_419
9,1,NewYork,Bronx,0.05767988468,0.11507,0.05739011532,2021.21164753618,2021.26932742086,Alpha_419
10,2,NewYork,NewYork,0.05739815613,0.123070000007,0.065671843877,2021.21992926474,2021.27732742087,Alpha_419
10,3,NewYork,Suffolk,0.06539815613,0.131070000007,0.065671843877,2021.21992926474,2021.28532742087,Alpha_419
13,7,NewYork,Queens,0.1021134667,0.17007000002,0.06795653332,2021.22221395418,2021.32432742088,Alpha_419
4,1,Nassau,Nassau,0.1116,0.1116,0,2021.19523365839,2021.30683365839,Delta_1872
4,5,Nassau,Nassau,0.08006,0.08006,0,2021.19523365839,2021.27529365839,Delta_1872
5,2,Nassau,Suffolk,0.11354,0.1936,0.08006,2021.27529365839,2021.38883365839,Delta_1872
5,3,Nassau,Suffolk,0.13854,0.2186,0.08006,2021.27529365839,2021.41383365839,Delta_1872
4,1,Nassau,Nassau,0.04904515853,0.04904515853,0,2021.0900078703,2021.13905302883,O-BA1_1047
4,5,Nassau,Nassau,0.000705158534300004,0.000705158534300004,0,2021.0900078703,2021.09071302883,O-BA1_1047
5,2,Nassau,NewYork,0.10334,0.1040451585343,0.000705158534300004,2021.09071302883,2021.19405302883,O-BA1_1047
5,3,Nassau,NewYork,0.10334,0.1040451585343,0.000705158534300004,2021.09071302883,2021.19405302883,O-BA1_1047
4,1,Westchester,Kings,0.17439,0.17439,0,2021.18423863014,2021.35862863014,Delta_2070
4,5,Westchester,Westchester,0.00228,0.00228,0,2021.18423863014,2021.18651863014,Delta_2070
5,2,Westchester,Westchester,0.11111,0.11339,0.00228,2021.18651863014,2021.29762863014,Delta_2070
5,3,Westchester,Westchester,0.11111,0.11339,0.00228,2021.18651863014,2021.29762863014,Delta_2070
5,6,NewYork,NewYork,0.02405805738,0.02405805738,0,2021.17130205479,2021.19536011217,Alpha_480
5,7,NewYork,NewYork,0.000701547087400001,0.000701547087400001,0,2021.17130205479,2021.17200360188,Alpha_480
7,3,NewYork,NewYork,0.04801,0.0487115470874,0.000701547087400001,2021.17200360188,2021.22001360188,Alpha_480
6,1,NewYork,Bronx,0.09565348971,0.11971154709,0.02405805738,2021.19536011217,2021.29101360188,Alpha_480
6,2,NewYork,NewYork,0.09565348971,0.11971154709,0.02405805738,2021.19536011217,2021.29101360188,Alpha_480
7,4,NewYork,Nassau,0.15201,0.1527115470874,0.000701547087400001,2021.17200360188,2021.32401360188,Alpha_480
13,14,Queens,Queens,0.03969,0.03969,0,2021.21111520546,2021.25080520546,Delta_2452
13,15,Queens,Queens,0.02258,0.02258,0,2021.21111520546,2021.23369520546,Delta_2452
15,16,Queens,Queens,0.00242999999999999,0.02501,0.02258,2021.23369520546,2021.23612520546,Delta_2452
16,17,Queens,Queens,0.00241000000000002,0.02742,0.02501,2021.23612520546,2021.23853520546,Delta_2452
17,21,Queens,Queens,0.00218000000000002,0.0296,0.02742,2021.23853520546,2021.24071520546,Delta_2452
21,22,Queens,Queens,0.04225,0.07185,0.0296,2021.24071520546,2021.28296520546,Delta_2452
22,23,Queens,Queens,0.00217000000000001,0.07402,0.07185,2021.28296520546,2021.28513520546,Delta_2452
17,18,Queens,Queens,0.06793,0.09535,0.02742,2021.23853520546,2021.30646520546,Delta_2452
18,19,Queens,Queens,0.00548000000000001,0.10083,0.09535,2021.30646520546,2021.31194520546,Delta_2452
19,20,Queens,Queens,0.00548000000000001,0.10631,0.10083,2021.31194520546,2021.31742520546,Delta_2452
21,9,Queens,Queens,0.11156,0.14116,0.0296,2021.24071520546,2021.35227520546,Delta_2452
15,3,Queens,Kings,0.15958,0.18216,0.02258,2021.23369520546,2021.39327520546,Delta_2452
22,10,Queens,Queens,0.11631,0.18816,0.07185,2021.28296520546,2021.39927520546,Delta_2452
23,11,Queens,Nassau,0.11414,0.18816,0.07402,2021.28513520546,2021.39927520546,Delta_2452
14,1,Queens,Queens,0.16747,0.20716,0.03969,2021.25080520546,2021.41827520546,Delta_2452
18,5,Queens,Queens,0.11181,0.20716,0.09535,2021.30646520546,2021.41827520546,Delta_2452
23,12,Queens,Kings,0.13814,0.21216,0.07402,2021.28513520546,2021.42327520546,Delta_2452
19,6,Queens,Queens,0.11133,0.21216,0.10083,2021.31194520546,2021.42327520546,Delta_2452
20,8,Queens,Queens,0.11185,0.21816,0.10631,2021.31742520546,2021.42927520546,Delta_2452
14,2,Queens,Queens,0.18647,0.22616,0.03969,2021.25080520546,2021.43727520546,Delta_2452
20,7,Queens,NewYork,0.19085,0.29716,0.10631,2021.31742520546,2021.50827520546,Delta_2452
16,4,Queens,Suffolk,0.28015,0.30516,0.02501,2021.23612520546,2021.51627520546,Delta_2452
5,6,NewYork,NewYork,0.00185,0.00185,0,2021.19450671233,2021.19635671233,O-BA1_2135
5,7,NewYork,NewYork,0.00185,0.00185,0,2021.19450671233,2021.19635671233,O-BA1_2135
6,1,NewYork,Queens,0.00069,0.00254,0.00185,2021.19635671233,2021.19704671233,O-BA1_2135
6,2,NewYork,NewYork,0.00069,0.00254,0.00185,2021.19635671233,2021.19704671233,O-BA1_2135
7,3,NewYork,NewYork,0.00069,0.00254,0.00185,2021.19635671233,2021.19704671233,O-BA1_2135
7,4,NewYork,Kings,0.00069,0.00254,0.00185,2021.19635671233,2021.19704671233,O-BA1_2135
5,1,Nassau,Nassau,0.14496,0.14496,0,2021.27761027397,2021.42257027397,Delta_830
5,6,Nassau,Nassau,0.07356,0.07356,0,2021.27761027397,2021.35117027397,Delta_830
6,7,Nassau,Nassau,0.00923999999999997,0.0828,0.07356,2021.35117027397,2021.36041027397,Delta_830
7,3,Nassau,Nassau,0.11116,0.19396,0.0828,2021.36041027397,2021.47157027397,Delta_830
6,2,Nassau,Nassau,0.1514,0.22496,0.07356,2021.35117027397,2021.50257027397,Delta_830
7,4,Nassau,Nassau,0.21816,0.30096,0.0828,2021.36041027397,2021.57857027397,Delta_830
4,1,Nassau,Kings,0.112,0.112,0,2021.19162643836,2021.30362643836,Delta_1435
4,5,Nassau,Nassau,0.03288,0.03288,0,2021.19162643836,2021.22450643836,Delta_1435
5,2,Nassau,Nassau,0.11112,0.144,0.03288,2021.22450643836,2021.33562643836,Delta_1435
5,3,Nassau,Nassau,0.11112,0.144,0.03288,2021.22450643836,2021.33562643836,Delta_1435
4,1,Kings,Kings,0.11171,0.11171,0,2021.27395712329,2021.38566712329,Delta_569
4,5,Kings,Kings,0.02192,0.02192,0,2021.27395712329,2021.29587712329,Delta_569
5,2,Kings,Kings,0.11179,0.13371,0.02192,2021.29587712329,2021.40766712329,Delta_569
5,3,Kings,Kings,0.12279,0.14471,0.02192,2021.29587712329,2021.41866712329,Delta_569
7,8,Kings,Queens,0.0802107886,0.0802107886,0,2021.23549013699,2021.31570092559,O-BA1_1072
7,9,Kings,Kings,0.00107912984200001,0.00107912984200001,0,2021.23549013699,2021.23656926683,O-BA1_1072
9,10,Kings,Kings,0.000462864151100001,0.00154199399310001,0.00107912984200001,2021.23656926683,2021.23703213098,O-BA1_1072
9,3,Kings,Kings,0.03940165876,0.040480788602,0.00107912984200001,2021.23656926683,2021.27597092559,O-BA1_1072
10,4,Kings,Westchester,0.03893879461,0.0404807886031,0.00154199399310001,2021.23703213098,2021.27597092559,O-BA1_1072
10,11,Kings,Bronx,0.1039687946,0.1055107885931,0.00154199399310001,2021.23703213098,2021.34100092558,O-BA1_1072
11,5,Bronx,Bronx,0.000969999999999999,0.1064807885931,0.1055107885931,2021.34100092558,2021.34197092558,O-BA1_1072
8,2,Queens,Queens,0.02627,0.1064807886,0.0802107886,2021.31570092559,2021.34197092559,O-BA1_1072
8,1,Queens,Queens,0.03427,0.1144807886,0.0802107886,2021.31570092559,2021.34997092559,O-BA1_1072
11,6,Bronx,Bronx,0.02197,0.1274807885931,0.1055107885931,2021.34100092558,2021.36297092558,O-BA1_1072
5,1,Bronx,Bronx,0.001412572784,0.001412572784,0,2021.29172494529,2021.29313751807,Alpha_296
5,6,Bronx,Bronx,0.00610179556099999,0.00610179556099999,0,2021.29172494529,2021.29782674085,Alpha_296
6,2,Bronx,Bronx,0.00131077722300002,0.00741257278400001,0.00610179556099999,2021.29782674085,2021.29913751807,Alpha_296
6,7,Bronx,Bronx,0.01988217537,0.025983970931,0.00610179556099999,2021.29782674085,2021.31770891622,Alpha_296
7,3,Bronx,Bronx,0.000428601853400018,0.0264125727844,0.025983970931,2021.31770891622,2021.31813751807,Alpha_296
7,4,Bronx,Kings,0.1294286019,0.155412572831,0.025983970931,2021.31770891622,2021.44713751812,Alpha_296
10,11,Westchester,Westchester,0.00228,0.00228,0,2021.30310794517,2021.30538794517,Delta_1391
10,12,Westchester,Westchester,0.00822000000000001,0.00822000000000001,0,2021.30310794517,2021.31132794517,Delta_1391
12,13,Westchester,Westchester,0.0105,0.01872,0.00822000000000001,2021.31132794517,2021.32182794517,Delta_1391
13,14,Westchester,Westchester,0.00274000000000002,0.02146,0.01872,2021.32182794517,2021.32456794517,Delta_1391
14,15,Westchester,Westchester,0.00822000000000001,0.02968,0.02146,2021.32456794517,2021.33278794517,Delta_1391
15,16,Westchester,Westchester,0.01918,0.04886,0.02968,2021.33278794517,2021.35196794517,Delta_1391
16,17,Westchester,Westchester,0.0088,0.05766,0.04886,2021.35196794517,2021.36076794517,Delta_1391
11,1,Westchester,Westchester,0.1116,0.11388,0.00228,2021.30538794517,2021.41698794517,Delta_1391
11,2,Westchester,Westchester,0.1116,0.11388,0.00228,2021.30538794517,2021.41698794517,Delta_1391
12,3,Westchester,Westchester,0.11366,0.12188,0.00822000000000001,2021.31132794517,2021.42498794517,Delta_1391
13,4,Westchester,Westchester,0.11116,0.12988,0.01872,2021.32182794517,2021.43298794517,Delta_1391
14,5,Westchester,Westchester,0.11142,0.13288,0.02146,2021.32456794517,2021.43598794517,Delta_1391
15,6,Westchester,Westchester,0.1112,0.14088,0.02968,2021.33278794517,2021.44398794517,Delta_1391
16,7,Westchester,Westchester,0.11202,0.16088,0.04886,2021.35196794517,2021.46398794517,Delta_1391
17,8,Westchester,Westchester,0.11422,0.17188,0.05766,2021.36076794517,2021.47498794517,Delta_1391
17,9,Westchester,Westchester,0.11422,0.17188,0.05766,2021.36076794517,2021.47498794517,Delta_1391
4,1,Kings,Kings,0.0000999999999999998,0.0000999999999999998,0,2021.19774191781,2021.19784191781,O-BA1_647
4,5,Kings,Kings,0.00274,0.00274,0,2021.19774191781,2021.20048191781,O-BA1_647
5,2,Kings,Kings,0.0003599999999,0.0030999999999,0.00274,2021.20048191781,2021.20084191781,O-BA1_647
5,3,Kings,NewYork,0.0003599999999,0.0030999999999,0.00274,2021.20048191781,2021.20084191781,O-BA1_647
4,5,Kings,Kings,0.04297776589,0.04297776589,0,2021.08695972603,2021.12993749192,O-BA1_1799
4,3,Kings,Kings,0.00179776589,0.00179776589,0,2021.08695972603,2021.08875749192,O-BA1_1799
5,1,Kings,Kings,0.07082,0.11379776589,0.04297776589,2021.12993749192,2021.20075749192,O-BA1_1799
5,2,Kings,Nassau,0.15582,0.19879776589,0.04297776589,2021.12993749192,2021.28575749192,O-BA1_1799
5,1,Westchester,Westchester,0.11137,0.11137,0,2021.26040698629,2021.37177698629,Delta_995
5,6,Westchester,Westchester,0.00548000000000001,0.00548000000000001,0,2021.26040698629,2021.26588698629,Delta_995
6,7,Westchester,Westchester,0.0137,0.01918,0.00548000000000001,2021.26588698629,2021.27958698629,Delta_995
6,2,Westchester,Westchester,0.11189,0.11737,0.00548000000000001,2021.26588698629,2021.37777698629,Delta_995
7,3,Westchester,Bronx,0.11119,0.13037,0.01918,2021.27958698629,2021.39077698629,Delta_995
7,4,Westchester,Westchester,0.11419,0.13337,0.01918,2021.27958698629,2021.39377698629,Delta_995
5,6,NewYork,NewYork,0.02405805738,0.02405805738,0,2021.16296122291,2021.18701928029,Alpha_480
5,7,NewYork,NewYork,0.000701547087400001,0.000701547087400001,0,2021.16296122291,2021.16366277,Alpha_480
7,3,NewYork,NewYork,0.04801,0.0487115470874,0.000701547087400001,2021.16366277,2021.21167277,Alpha_480
6,1,NewYork,Bronx,0.09565348971,0.11971154709,0.02405805738,2021.18701928029,2021.28267277,Alpha_480
6,2,NewYork,NewYork,0.09565348971,0.11971154709,0.02405805738,2021.18701928029,2021.28267277,Alpha_480
7,4,NewYork,Nassau,0.15201,0.1527115470874,0.000701547087400001,2021.16366277,2021.31567277,Alpha_480
10,11,NewYork,NewYork,0.05625692124,0.05625692124,0,2021.16511465757,2021.22137157881,Alpha_396
10,14,NewYork,NewYork,0.00152692124100001,0.00152692124100001,0,2021.16511465757,2021.16664157881,Alpha_396
14,5,NewYork,NewYork,0.02639,0.027916921241,0.00152692124100001,2021.16664157881,2021.19303157881,Alpha_396
14,15,NewYork,NewYork,0.07335311984,0.074880041081,0.00152692124100001,2021.16664157881,2021.23999469865,Alpha_396
15,17,NewYork,NewYork,0.000720977760899993,0.0756010188419,0.074880041081,2021.23999469865,2021.24071567641,Alpha_396
17,8,NewYork,NewYork,0.001315902395,0.0769169212369,0.0756010188419,2021.24071567641,2021.24203157881,Alpha_396
17,9,NewYork,NewYork,0.001315902395,0.0769169212369,0.0756010188419,2021.24071567641,2021.24203157881,Alpha_396
15,16,NewYork,NewYork,0.00696861842800001,0.081848659509,0.074880041081,2021.23999469865,2021.24696331708,Alpha_396
16,6,NewYork,Bronx,0.00106826172799999,0.082916921237,0.081848659509,2021.24696331708,2021.24803157881,Alpha_396
11,12,NewYork,NewYork,0.03268,0.08893692124,0.05625692124,2021.22137157881,2021.25405157881,Alpha_396
16,7,NewYork,NewYork,0.02006826173,0.101916921239,0.081848659509,2021.24696331708,2021.26703157881,Alpha_396
12,4,NewYork,Westchester,0.02398,0.11291692124,0.08893692124,2021.25405157881,2021.27803157881,Alpha_396
11,1,NewYork,Kings,0.06466,0.12091692124,0.05625692124,2021.22137157881,2021.28603157881,Alpha_396
12,13,NewYork,Kings,0.04528021648,0.13421713772,0.08893692124,2021.25405157881,2021.29933179529,Alpha_396
13,3,Kings,Suffolk,0.00069978351979999,0.1349169212398,0.13421713772,2021.29933179529,2021.30003157881,Alpha_396
13,2,Kings,Kings,0.03669978352,0.17091692124,0.13421713772,2021.29933179529,2021.33603157881,Alpha_396
4,1,Nassau,Nassau,0.000952297639399999,0.000952297639399999,0,2021.14158783119,2021.14254012883,Alpha_306
4,5,Nassau,Nassau,0.000902297639500001,0.000902297639500001,0,2021.14158783119,2021.14249012883,Alpha_306
5,3,Nassau,Nassau,0.000049999999909997,0.000952297639409998,0.000902297639500001,2021.14249012883,2021.14254012883,Alpha_306
5,2,Nassau,Nassau,0.01905,0.0199522976395,0.000902297639500001,2021.14249012883,2021.16154012883,Alpha_306
4,1,Nassau,Nassau,0.1301,0.1301,0,2021.14792739728,2021.27802739728,Delta_401
4,5,Nassau,Nassau,0.00228,0.00228,0,2021.14792739728,2021.15020739728,Delta_401
5,2,Nassau,Queens,0.11182,0.1141,0.00228,2021.15020739728,2021.26202739728,Delta_401
5,3,Nassau,Suffolk,0.11182,0.1141,0.00228,2021.15020739728,2021.26202739728,Delta_401
20,21,Kings,Kings,0.1090350457,0.1090350457,0,2021.31307643836,2021.42211148406,Alpha_718
20,22,Kings,Kings,0.000270244183899981,0.000270244183899981,0,2021.31307643836,2021.31334668254,Alpha_718
22,23,Kings,Kings,0.00205349397100002,0.0023237381549,0.000270244183899981,2021.31334668254,2021.31540017651,Alpha_718
23,32,Kings,Kings,0.000809999999999977,0.00313373815489998,0.0023237381549,2021.31540017651,2021.31621017651,Alpha_718
23,24,Kings,Kings,0.03726404063,0.0395877787849,0.0023237381549,2021.31540017651,2021.35266421714,Alpha_718
24,30,Kings,Kings,0.00181595937200002,0.0414037381569,0.0395877787849,2021.35266421714,2021.35448017652,Alpha_718
32,33,Kings,Kings,0.0461,0.0492337381549,0.00313373815489998,2021.31621017651,2021.36231017651,Alpha_718
22,3,Kings,Kings,0.06505349397,0.0653237381539,0.000270244183899981,2021.31334668254,2021.37840017651,Alpha_718
24,25,Kings,Kings,0.04581595937,0.0854037381549,0.0395877787849,2021.35266421714,2021.39848017651,Alpha_718
33,34,Kings,Kings,0.05036518249,0.0995989206449,0.0492337381549,2021.36231017651,2021.412675359,Alpha_718
34,14,Kings,Richmond,0.00172481750800002,0.1013237381529,0.0995989206449,2021.412675359,2021.41440017651,Alpha_718
25,27,Kings,Kings,0.01655,0.1019537381549,0.0854037381549,2021.39848017651,2021.41503017651,Alpha_718
21,1,Kings,Kings,0.000288692476699992,0.1093237381767,0.1090350457,2021.42211148406,2021.42240017653,Alpha_718
27,28,Kings,Kings,0.01319753867,0.1151512768249,0.1019537381549,2021.41503017651,2021.42822771518,Alpha_718
28,7,Kings,Kings,0.00217246133499999,0.1173237381599,0.1151512768249,2021.42822771518,2021.43040017652,Alpha_718
34,35,Kings,Kings,0.02112481751,0.1207237381549,0.0995989206449,2021.412675359,2021.43380017651,Alpha_718
35,15,Kings,Kings,0.00259999999999999,0.1233237381549,0.1207237381549,2021.43380017651,2021.43640017651,Alpha_718
35,16,Kings,Kings,0.00259999999999999,0.1233237381549,0.1207237381549,2021.43380017651,2021.43640017651,Alpha_718
21,2,Kings,Kings,0.01428869248,0.12332373818,0.1090350457,2021.42211148406,2021.43640017654,Alpha_718
25,26,Kings,Nassau,0.04548430064,0.1308880387949,0.0854037381549,2021.39848017651,2021.44396447715,Alpha_718
26,5,Nassau,Nassau,0.000435699356500008,0.1313237381514,0.1308880387949,2021.44396447715,2021.44440017651,Alpha_718
32,36,Kings,Queens,0.1336452647,0.1367790028549,0.00313373815489998,2021.31621017651,2021.44985544121,Alpha_718
36,37,Queens,Queens,0.00191473525700001,0.1386937381119,0.1367790028549,2021.44985544121,2021.45177017647,Alpha_718
27,6,Kings,Nassau,0.04837,0.1503237381549,0.1019537381549,2021.41503017651,2021.46340017651,Alpha_718
26,4,Nassau,Nassau,0.02243569936,0.1533237381549,0.1308880387949,2021.44396447715,2021.46640017651,Alpha_718
28,29,Kings,Kings,0.04971246133,0.1648637381549,0.1151512768249,2021.42822771518,2021.47794017651,Alpha_718
30,10,Kings,Nassau,0.13092,0.1723237381569,0.0414037381569,2021.35448017652,2021.48540017652,Alpha_718
36,17,Queens,Queens,0.04654473526,0.1833237381149,0.1367790028549,2021.44985544121,2021.49640017647,Alpha_718
37,18,Queens,NewYork,0.05063,0.1893237381119,0.1386937381119,2021.45177017647,2021.50240017647,Alpha_718
29,9,Kings,Suffolk,0.03546,0.2003237381549,0.1648637381549,2021.47794017651,2021.51340017651,Alpha_718
33,13,Kings,Queens,0.15609,0.2053237381549,0.0492337381549,2021.36231017651,2021.51840017651,Alpha_718
29,8,Kings,Nassau,0.04646,0.2113237381549,0.1648637381549,2021.47794017651,2021.52440017651,Alpha_718
30,31,Kings,Queens,0.19972,0.2411237381569,0.0414037381569,2021.35448017652,2021.55420017652,Alpha_718
31,11,Queens,Queens,0.000200000000000006,0.2413237381569,0.2411237381569,2021.55420017652,2021.55440017652,Alpha_718
31,12,Queens,Queens,0.000200000000000006,0.2413237381569,0.2411237381569,2021.55420017652,2021.55440017652,Alpha_718
37,19,Queens,Queens,0.12163,0.2603237381119,0.1386937381119,2021.45177017647,2021.57340017647,Alpha_718
4,1,NewYork,Queens,0.14458,0.14458,0,2021.23930432362,2021.38388432362,Delta_327
4,5,NewYork,NewYork,0.02191,0.02191,0,2021.23930432362,2021.26121432362,Delta_327
5,3,NewYork,Kings,0.11167,0.13358,0.02191,2021.26121432362,2021.37288432362,Delta_327
5,2,NewYork,NewYork,0.13867,0.16058,0.02191,2021.26121432362,2021.39988432362,Delta_327
4,1,Kings,Kings,0.06393973604,0.06393973604,0,2021.14153971601,2021.20547945205,Alpha_628
4,5,Kings,Kings,0.000492718119300004,0.000492718119300004,0,2021.14153971601,2021.14203243413,Alpha_628
5,2,Kings,Kings,0.000447017916700002,0.000939736036000005,0.000492718119300004,2021.14203243413,2021.14247945205,Alpha_628
5,3,Kings,Kings,0.000447017916700002,0.000939736036000005,0.000492718119300004,2021.14203243413,2021.14247945205,Alpha_628
5,1,Nassau,Nassau,0.0009299999999,0.0009299999999,0,2021.23689164384,2021.23782164384,O-BA1_1088
5,6,Nassau,Bronx,0.00363,0.00363,0,2021.23689164384,2021.24052164384,O-BA1_1088
6,7,Bronx,Queens,0.00185,0.00548,0.00363,2021.24052164384,2021.24237164384,O-BA1_1088
6,2,Bronx,Bronx,0.0023,0.00593,0.00363,2021.24052164384,2021.24282164384,O-BA1_1088
7,3,Queens,Queens,0.00045,0.00593,0.00548,2021.24237164384,2021.24282164384,O-BA1_1088
7,4,Queens,Queens,0.00045,0.00593,0.00548,2021.24237164384,2021.24282164384,O-BA1_1088
4,1,NewYork,Westchester,0.11189,0.11189,0,2021.30315739726,2021.41504739726,Delta_873
4,5,NewYork,NewYork,0.15068,0.15068,0,2021.30315739726,2021.45383739726,Delta_873
5,3,NewYork,NewYork,0.11121,0.26189,0.15068,2021.45383739726,2021.56504739726,Delta_873
5,2,NewYork,Nassau,0.14721,0.29789,0.15068,2021.45383739726,2021.60104739726,Delta_873
9,10,NewYork,NewYork,0.03182287712,0.03182287712,0,2021.05192260274,2021.08374547986,Delta_129
9,14,NewYork,NewYork,0.000709649046500005,0.000709649046500005,0,2021.05192260274,2021.05263225179,Delta_129
10,12,NewYork,NewYork,0.000150670541999992,0.031973547662,0.03182287712,2021.08374547986,2021.08389615041,Delta_129
10,11,NewYork,NewYork,0.000466771925799997,0.0322896490458,0.03182287712,2021.08374547986,2021.08421225179,Delta_129
12,13,NewYork,NewYork,0.000316101383800005,0.0322896490458,0.031973547662,2021.08389615041,2021.08421225179,Delta_129
14,15,NewYork,NewYork,0.03158,0.0322896490465,0.000709649046500005,2021.05263225179,2021.08421225179,Delta_129
11,1,NewYork,NewYork,0.11207,0.1443596490458,0.0322896490458,2021.08421225179,2021.19628225179,Delta_129
13,4,NewYork,Queens,0.11207,0.1443596490458,0.0322896490458,2021.08421225179,2021.19628225179,Delta_129
13,5,NewYork,Kings,0.11207,0.1443596490458,0.0322896490458,2021.08421225179,2021.19628225179,Delta_129
14,6,NewYork,Bronx,0.14365,0.1443596490465,0.000709649046500005,2021.05263225179,2021.19628225179,Delta_129
15,7,NewYork,Queens,0.11207,0.1443596490465,0.0322896490465,2021.08421225179,2021.19628225179,Delta_129
15,8,NewYork,Kings,0.11207,0.1443596490465,0.0322896490465,2021.08421225179,2021.19628225179,Delta_129
12,3,NewYork,Bronx,0.1123861014,0.144359649062,0.031973547662,2021.08389615041,2021.19628225181,Delta_129
11,2,NewYork,Queens,0.11707,0.1493596490458,0.0322896490458,2021.08421225179,2021.20128225179,Delta_129
4,1,Nassau,Nassau,0.11204,0.11204,0,2021.06203575342,2021.17407575342,Delta_3528
4,5,Nassau,Nassau,0.06849,0.06849,0,2021.06203575342,2021.13052575342,Delta_3528
5,2,Nassau,Nassau,0.11155,0.18004,0.06849,2021.13052575342,2021.24207575342,Delta_3528
5,3,Nassau,Nassau,0.12555,0.19404,0.06849,2021.13052575342,2021.25607575342,Delta_3528
5,1,Westchester,Westchester,0.11137,0.11137,0,2021.16216506849,2021.27353506849,Delta_995
5,6,Westchester,Westchester,0.00548000000000001,0.00548000000000001,0,2021.16216506849,2021.16764506849,Delta_995
6,7,Westchester,Westchester,0.0137,0.01918,0.00548000000000001,2021.16764506849,2021.18134506849,Delta_995
6,2,Westchester,Westchester,0.11189,0.11737,0.00548000000000001,2021.16764506849,2021.27953506849,Delta_995
7,3,Westchester,Bronx,0.11119,0.13037,0.01918,2021.18134506849,2021.29253506849,Delta_995
7,4,Westchester,Westchester,0.11419,0.13337,0.01918,2021.18134506849,2021.29553506849,Delta_995
4,1,NewYork,NewYork,0.00029,0.00029,0,2021.15326479452,2021.15355479452,O-BA1_1581
4,5,NewYork,NewYork,0.01096,0.01096,0,2021.15326479452,2021.16422479452,O-BA1_1581
5,2,NewYork,NewYork,0.000329999999900001,0.0112899999999,0.01096,2021.16422479452,2021.16455479452,O-BA1_1581
5,3,NewYork,NewYork,0.000329999999900001,0.0112899999999,0.01096,2021.16422479452,2021.16455479452,O-BA1_1581
4,5,Westchester,Westchester,0.00228,0.00228,0,2021.1511839726,2021.1534639726,Delta_3139
4,3,Westchester,Westchester,0.11354,0.11354,0,2021.1511839726,2021.2647239726,Delta_3139
5,1,Westchester,Westchester,0.11126,0.11354,0.00228,2021.1534639726,2021.2647239726,Delta_3139
5,2,Westchester,Westchester,0.11126,0.11354,0.00228,2021.1534639726,2021.2647239726,Delta_3139
4,1,NewYork,NewYork,0.1306631943,0.1306631943,0,2021.14606049047,2021.27672368477,Delta_3382
4,5,NewYork,NewYork,0.000683194278700006,0.000683194278700006,0,2021.14606049047,2021.14674368475,Delta_3382
5,3,NewYork,NewYork,0.11698,0.1176631942787,0.000683194278700006,2021.14674368475,2021.26372368475,Delta_3382
5,2,NewYork,NewYork,0.13298,0.1336631942787,0.000683194278700006,2021.14674368475,2021.27972368475,Delta_3382
9,10,Kings,NewYork,0.00274,0.00274,0,2021.1465,2021.14924,O-BA1_1774
9,14,Kings,Kings,0.00185,0.00185,0,2021.1465,2021.14835,O-BA1_1774
14,6,Kings,Queens,0.00085,0.0027,0.00185,2021.14835,2021.1492,O-BA1_1774
10,11,NewYork,Kings,0.00185,0.00459,0.00274,2021.14924,2021.15109,O-BA1_1774
10,12,NewYork,NewYork,0.00185,0.00459,0.00274,2021.14924,2021.15109,O-BA1_1774
11,1,Kings,Kings,0.000109999999899999,0.0046999999999,0.00459,2021.15109,2021.1512,O-BA1_1774
12,3,NewYork,NewYork,0.000109999999899999,0.0046999999999,0.00459,2021.15109,2021.1512,O-BA1_1774
11,2,Kings,NewYork,0.00311,0.0077,0.00459,2021.15109,2021.1542,O-BA1_1774
14,15,Kings,Kings,0.00911,0.01096,0.00185,2021.14835,2021.15746,O-BA1_1774
15,7,Kings,Suffolk,0.00274,0.0137,0.01096,2021.15746,2021.1602,O-BA1_1774
15,8,Kings,Kings,0.00274,0.0137,0.01096,2021.15746,2021.1602,O-BA1_1774
12,13,NewYork,Kings,0.01644,0.02103,0.00459,2021.15109,2021.16753,O-BA1_1774
13,5,Kings,Kings,0.00067,0.0217,0.02103,2021.16753,2021.1682,O-BA1_1774
13,4,Kings,NewYork,0.00367,0.0247,0.02103,2021.16753,2021.1712,O-BA1_1774
4,1,Nassau,Suffolk,0.1111,0.1111,0,2021.02790070397,2021.13900070397,Delta_3240
4,5,Nassau,Nassau,0.07945,0.07945,0,2021.02790070397,2021.10735070397,Delta_3240
5,2,Nassau,Nassau,0.11165,0.1911,0.07945,2021.10735070397,2021.21900070397,Delta_3240
5,3,Nassau,Nassau,0.11165,0.1911,0.07945,2021.10735070397,2021.21900070397,Delta_3240
5,1,Westchester,Westchester,0.112,0.112,0,2021.24047996538,2021.35247996538,Delta_495
5,6,Westchester,Westchester,0.00331000000000001,0.00331000000000001,0,2021.24047996538,2021.24378996538,Delta_495
6,7,Westchester,Westchester,0.00217000000000001,0.00548000000000001,0.00331000000000001,2021.24378996538,2021.24595996538,Delta_495
6,2,Westchester,Westchester,0.11369,0.117,0.00331000000000001,2021.24378996538,2021.35747996538,Delta_495
7,4,Westchester,Westchester,0.11152,0.117,0.00548000000000001,2021.24595996538,2021.35747996538,Delta_495
7,3,Westchester,Westchester,0.18252,0.188,0.00548000000000001,2021.24595996538,2021.42847996538,Delta_495
6,7,NewYork,NewYork,0.07681,0.07681,0,2021.03556667285,2021.11237667285,Alpha_283
6,8,NewYork,NewYork,0.00287000000000001,0.00287000000000001,0,2021.03556667285,2021.03843667285,Alpha_283
8,9,NewYork,NewYork,0.00291999999999998,0.00578999999999999,0.00287000000000001,2021.03843667285,2021.04135667285,Alpha_283
9,4,NewYork,NewYork,0.09293,0.09872,0.00578999999999999,2021.04135667285,2021.13428667285,Alpha_283
9,5,NewYork,NewYork,0.10593,0.11172,0.00578999999999999,2021.04135667285,2021.14728667285,Alpha_283
7,2,NewYork,NewYork,0.04891,0.12572,0.07681,2021.11237667285,2021.16128667285,Alpha_283
7,1,NewYork,Bronx,0.07591,0.15272,0.07681,2021.11237667285,2021.18828667285,Alpha_283
8,3,NewYork,Bronx,0.17485,0.17772,0.00287000000000001,2021.03843667285,2021.21328667285,Alpha_283
6,1,Westchester,Westchester,0.13176,0.13176,0,2021.01255082192,2021.14431082192,Delta_1396
6,7,Westchester,Westchester,0.02015,0.02015,0,2021.01255082192,2021.03270082192,Delta_1396
7,8,Westchester,Westchester,0.00228,0.02243,0.02015,2021.03270082192,2021.03498082192,Delta_1396
7,9,Westchester,Westchester,0.00228,0.02243,0.02015,2021.03270082192,2021.03498082192,Delta_1396
8,2,Westchester,Westchester,0.11133,0.13376,0.02243,2021.03498082192,2021.14631082192,Delta_1396
8,3,Westchester,Westchester,0.11133,0.13376,0.02243,2021.03498082192,2021.14631082192,Delta_1396
9,4,Westchester,Westchester,0.11133,0.13376,0.02243,2021.03498082192,2021.14631082192,Delta_1396
9,5,Westchester,Westchester,0.11133,0.13376,0.02243,2021.03498082192,2021.14631082192,Delta_1396
5,1,Westchester,Westchester,0.13874,0.13874,0,2021.46106465753,2021.59980465753,Delta_2587
5,6,Westchester,Westchester,0.01549,0.01549,0,2021.46106465753,2021.47655465753,Delta_2587
6,7,Westchester,Westchester,0.04407,0.05956,0.01549,2021.47655465753,2021.52062465753,Delta_2587
6,2,Westchester,Westchester,0.15325,0.16874,0.01549,2021.47655465753,2021.62980465753,Delta_2587
7,3,Westchester,Westchester,0.11118,0.17074,0.05956,2021.52062465753,2021.63180465753,Delta_2587
7,4,Westchester,Westchester,0.11118,0.17074,0.05956,2021.52062465753,2021.63180465753,Delta_2587
5,1,Westchester,Westchester,0.15496,0.15496,0,2021.16116882151,2021.31612882151,Delta_878
5,6,Westchester,Westchester,0.01914,0.01914,0,2021.16116882151,2021.18030882151,Delta_878
6,7,Westchester,Westchester,0.01315,0.03229,0.01914,2021.18030882151,2021.19345882151,Delta_878
6,2,Westchester,Westchester,0.12482,0.14396,0.01914,2021.18030882151,2021.30512882151,Delta_878
7,3,Westchester,Westchester,0.11167,0.14396,0.03229,2021.19345882151,2021.30512882151,Delta_878
7,4,Westchester,Westchester,0.11167,0.14396,0.03229,2021.19345882151,2021.30512882151,Delta_878
25,1,NewYork,NewYork,0.000444184485200005,0.000444184485200005,0,2021.0870416947,2021.08748587919,Alpha_482
25,26,NewYork,Kings,0.02293418449,0.02293418449,0,2021.0870416947,2021.10997587919,Alpha_482
26,28,Kings,Kings,0.00280999999999998,0.02574418449,0.02293418449,2021.10997587919,2021.11278587919,Alpha_482
28,31,Kings,Kings,0.00262000000000001,0.02836418449,0.02574418449,2021.11278587919,2021.11540587919,Alpha_482
31,7,Kings,Kings,0.0000799999999299972,0.02844418448993,0.02836418449,2021.11540587919,2021.11548587919,Alpha_482
28,29,Kings,Nassau,0.02466,0.05040418449,0.02574418449,2021.11278587919,2021.13744587919,Alpha_482
29,30,Nassau,Nassau,0.001656526613,0.052060711103,0.05040418449,2021.13744587919,2021.1391024058,Alpha_482
30,5,Nassau,Nassau,0.000383473386700001,0.0524441844897,0.052060711103,2021.1391024058,2021.13948587919,Alpha_482
30,6,Nassau,Nassau,0.000383473386700001,0.0524441844897,0.052060711103,2021.1391024058,2021.13948587919,Alpha_482
31,32,Kings,Nassau,0.02456,0.05292418449,0.02836418449,2021.11540587919,2021.13996587919,Alpha_482
29,4,Nassau,Nassau,0.00503999999999999,0.05544418449,0.05040418449,2021.13744587919,2021.14248587919,Alpha_482
32,33,Nassau,Nassau,0.0028,0.05572418449,0.05292418449,2021.13996587919,2021.14276587919,Alpha_482
32,34,Nassau,Nassau,0.00548999999999999,0.05841418449,0.05292418449,2021.13996587919,2021.14545587919,Alpha_482
33,8,Nassau,Nassau,0.00272,0.05844418449,0.05572418449,2021.14276587919,2021.14548587919,Alpha_482
33,9,Nassau,Nassau,0.00272,0.05844418449,0.05572418449,2021.14276587919,2021.14548587919,Alpha_482
34,36,Nassau,Nassau,0.0103528634,0.06876704789,0.05841418449,2021.14545587919,2021.15580874259,Alpha_482
36,12,Nassau,Richmond,0.000677136600299999,0.0694441844903,0.06876704789,2021.15580874259,2021.15648587919,Alpha_482
36,37,Nassau,Nassau,0.00628713660000001,0.07505418449,0.06876704789,2021.15580874259,2021.16209587919,Alpha_482
37,38,Nassau,Nassau,0.01629,0.09134418449,0.07505418449,2021.16209587919,2021.17838587919,Alpha_482
38,14,Nassau,Nassau,0.00310000000000001,0.09444418449,0.09134418449,2021.17838587919,2021.18148587919,Alpha_482
26,27,Kings,Nassau,0.07453,0.09746418449,0.02293418449,2021.10997587919,2021.18450587919,Alpha_482
37,13,Nassau,Nassau,0.02439,0.09944418449,0.07505418449,2021.16209587919,2021.18648587919,Alpha_482
38,39,Nassau,Nassau,0.00838,0.09972418449,0.09134418449,2021.17838587919,2021.18676587919,Alpha_482
39,41,Nassau,Queens,0.00262,0.10234418449,0.09972418449,2021.18676587919,2021.18938587919,Alpha_482
41,17,Queens,Queens,0.000100000000000003,0.10244418449,0.10234418449,2021.18938587919,2021.18948587919,Alpha_482
39,40,Nassau,Nassau,0.01096,0.11068418449,0.09972418449,2021.18676587919,2021.19772587919,Alpha_482
40,15,Nassau,NewYork,0.00276,0.11344418449,0.11068418449,2021.19772587919,2021.20048587919,Alpha_482
41,42,Queens,Nassau,0.01148410846,0.11382829295,0.10234418449,2021.18938587919,2021.20086998765,Alpha_482
42,18,Nassau,Nassau,0.00161589153699999,0.115444184487,0.11382829295,2021.20086998765,2021.20248587919,Alpha_482
40,16,Nassau,Nassau,0.01076,0.12144418449,0.11068418449,2021.19772587919,2021.20848587919,Alpha_482
42,43,Nassau,NewYork,0.01870589154,0.13253418449,0.11382829295,2021.20086998765,2021.21957587919,Alpha_482
43,44,NewYork,Kings,0.00281000000000001,0.13534418449,0.13253418449,2021.21957587919,2021.22238587919,Alpha_482
44,19,Kings,Kings,0.00209999999999999,0.13744418449,0.13534418449,2021.22238587919,2021.22448587919,Alpha_482
43,45,NewYork,NewYork,0.0055,0.13803418449,0.13253418449,2021.21957587919,2021.22507587919,Alpha_482
44,20,Kings,Kings,0.00509999999999999,0.14044418449,0.13534418449,2021.22238587919,2021.22748587919,Alpha_482
45,46,NewYork,Kings,0.00278999999999999,0.14082418449,0.13803418449,2021.22507587919,2021.22786587919,Alpha_482
45,24,NewYork,NewYork,0.00541,0.14344418449,0.13803418449,2021.22507587919,2021.23048587919,Alpha_482
46,21,Kings,Suffolk,0.00262000000000001,0.14344418449,0.14082418449,2021.22786587919,2021.23048587919,Alpha_482
46,47,Kings,Kings,0.00548000000000001,0.14630418449,0.14082418449,2021.22786587919,2021.23334587919,Alpha_482
47,22,Kings,Queens,0.00214,0.14844418449,0.14630418449,2021.23334587919,2021.23548587919,Alpha_482
47,23,Kings,Kings,0.00814000000000001,0.15444418449,0.14630418449,2021.23334587919,2021.24148587919,Alpha_482
27,2,Nassau,Nassau,0.07098,0.16844418449,0.09746418449,2021.18450587919,2021.25548587919,Alpha_482
34,35,Nassau,Westchester,0.1229829548,0.18139713929,0.05841418449,2021.14545587919,2021.26843883399,Alpha_482
35,10,Westchester,Westchester,0.0000470451620299961,0.18144418445203,0.18139713929,2021.26843883399,2021.26848587915,Alpha_482
35,11,Westchester,Westchester,0.0000470451620299961,0.18144418445203,0.18139713929,2021.26843883399,2021.26848587915,Alpha_482
27,3,Nassau,Suffolk,0.09198,0.18944418449,0.09746418449,2021.18450587919,2021.27648587919,Alpha_482
4,1,NewYork,Queens,0.11136,0.11136,0,2021.10308465753,2021.21444465753,Delta_3543
4,5,NewYork,Nassau,0.04932,0.04932,0,2021.10308465753,2021.15240465753,Delta_3543
5,3,Nassau,Nassau,0.11204,0.16136,0.04932,2021.15240465753,2021.26444465753,Delta_3543
5,2,Nassau,Westchester,0.12804,0.17736,0.04932,2021.15240465753,2021.28044465753,Delta_3543
11,12,NewYork,NewYork,0.009373305538,0.009373305538,0,2021.15056123288,2021.15993453842,Alpha_49
11,18,NewYork,NewYork,0.00113330553800001,0.00113330553800001,0,2021.15056123288,2021.15169453842,Alpha_49
12,13,NewYork,NewYork,0.01373,0.023103305538,0.009373305538,2021.15993453842,2021.17366453842,Alpha_49
13,16,NewYork,NewYork,0.02389,0.046993305538,0.023103305538,2021.17366453842,2021.19755453842,Alpha_49
16,17,NewYork,NewYork,0.000653188520399972,0.0476464940584,0.046993305538,2021.19755453842,2021.19820772694,Alpha_49
17,6,NewYork,NewYork,0.00138681148000003,0.0490333055384,0.0476464940584,2021.19820772694,2021.19959453842,Alpha_49
16,5,NewYork,NewYork,0.00503999999999999,0.052033305538,0.046993305538,2021.19755453842,2021.20259453842,Alpha_49
18,19,NewYork,Westchester,0.05091,0.052043305538,0.00113330553800001,2021.15169453842,2021.20260453842,Alpha_49
17,7,NewYork,NewYork,0.01038681148,0.0580333055384,0.0476464940584,2021.19820772694,2021.20859453842,Alpha_49
13,14,NewYork,NewYork,0.04500281684,0.068106122378,0.023103305538,2021.17366453842,2021.21866735526,Alpha_49
14,15,NewYork,NewYork,0.001537183156,0.069643305534,0.068106122378,2021.21866735526,2021.22020453842,Alpha_49
18,8,NewYork,NewYork,0.0789,0.080033305538,0.00113330553800001,2021.15169453842,2021.23059453842,Alpha_49
15,3,NewYork,NewYork,0.03739,0.107033305534,0.069643305534,2021.22020453842,2021.25759453842,Alpha_49
12,1,NewYork,NewYork,0.09766,0.107033305538,0.009373305538,2021.15993453842,2021.25759453842,Alpha_49
14,2,NewYork,NewYork,0.05492718316,0.123033305538,0.068106122378,2021.21866735526,2021.27359453842,Alpha_49
15,4,NewYork,Kings,0.06439,0.134033305534,0.069643305534,2021.22020453842,2021.28459453842,Alpha_49
19,9,Westchester,Westchester,0.10199,0.154033305538,0.052043305538,2021.20260453842,2021.30459453842,Alpha_49
19,10,Westchester,Westchester,0.12299,0.175033305538,0.052043305538,2021.20260453842,2021.32559453842,Alpha_49
7,8,Queens,Queens,0.04119,0.04119,0,2021.04340682009,2021.08459682009,Delta_3249
7,9,Queens,NewYork,0.03006,0.03006,0,2021.04340682009,2021.07346682009,Delta_3249
9,10,NewYork,NewYork,0.0346,0.06466,0.03006,2021.07346682009,2021.10806682009,Delta_3249
10,11,NewYork,NewYork,0.01096,0.07562,0.06466,2021.10806682009,2021.11902682009,Delta_3249
8,1,Queens,Queens,0.13182,0.17301,0.04119,2021.08459682009,2021.21641682009,Delta_3249
8,2,Queens,Queens,0.13182,0.17301,0.04119,2021.08459682009,2021.21641682009,Delta_3249
10,4,NewYork,NewYork,0.11135,0.17601,0.06466,2021.10806682009,2021.21941682009,Delta_3249
9,3,NewYork,NewYork,0.15195,0.18201,0.03006,2021.07346682009,2021.22541682009,Delta_3249
11,5,NewYork,Queens,0.11139,0.18701,0.07562,2021.11902682009,2021.23041682009,Delta_3249
11,6,NewYork,NewYork,0.13039,0.20601,0.07562,2021.11902682009,2021.24941682009,Delta_3249
