node1,node2,length,startLat,startLon,endLat,endLon,endNodeL,startNodeL,startYear,endYear,treeID
4,1,0.1188311851,40.8269540721882,-73.5125980729703,40.8028056947482,-73.9247699287982,0.1188311851,0,2021.51404552723,2021.63287671233,46200000
4,5,0.001671185122,40.8269540721882,-73.5125980729703,40.8699577118683,-73.5965046193852,0.001671185122,0,2021.51404552723,2021.51571671235,46200000
5,2,0.11116,40.8699577118683,-73.5965046193852,40.8778476393657,-73.9208185332672,0.112831185122,0.001671185122,2021.51571671235,2021.62687671235,46200000
5,3,0.11116,40.8699577118683,-73.5965046193852,40.7400789926475,-73.6337023886402,0.112831185122,0.001671185122,2021.51571671235,2021.62687671235,46200000
9,6,0.12545,40.9056812358147,-73.0151513435614,40.8416974121671,-73.4058251593286,0.12545,0,2021.40331712329,2021.52876712329,46200000
9,10,0.01089,40.9056812358147,-73.0151513435614,40.9108961966291,-72.9558787254942,0.01089,0,2021.40331712329,2021.41420712329,46200000
10,7,0.11156,40.9108961966291,-72.9558787254942,40.8042605097492,-73.371362789921,0.12245,0.01089,2021.41420712329,2021.52576712329,46200000
10,8,0.11456,40.9108961966291,-72.9558787254942,40.8442134522383,-73.4285808030639,0.12545,0.01089,2021.41420712329,2021.52876712329,46200000
14,11,0.11203,40.8052614822548,-73.3269028539786,40.7216947127348,-73.5666456421935,0.11203,0,2021.60875082192,2021.72078082192,46200000
14,15,0.05479,40.8052614822548,-73.3269028539786,40.6760501438445,-73.2621796751051,0.05479,0,2021.60875082192,2021.66354082192,46200000
15,12,0.11124,40.6760501438445,-73.2621796751051,40.7185103656846,-73.7349612475867,0.16603,0.05479,2021.66354082192,2021.77478082192,46200000
15,13,0.12824,40.6760501438445,-73.2621796751051,40.7039108015913,-73.7359293567031,0.18303,0.05479,2021.66354082192,2021.79178082192,46200000
19,18,0.1634068734,40.6804458829326,-74.0766549588517,40.7210477831329,-73.9914487547582,0.1634068734,0,2021.36515477039,2021.52856164379,46200000
19,20,0.02865687345,40.6804458829326,-74.0766549588517,40.676264512842,-74.1063419691214,0.02865687345,0,2021.36515477039,2021.39381164384,46200000
20,16,0.15375,40.676264512842,-74.1063419691214,40.611775579866,-73.9127456208294,0.18240687345,0.02865687345,2021.39381164384,2021.54756164384,46200000
20,17,0.18975,40.676264512842,-74.1063419691214,40.7087423379405,-73.9186025031749,0.21840687345,0.02865687345,2021.39381164384,2021.58356164384,46200000
24,21,0.17346,40.7788793087714,-74.0294181462549,40.6561546835559,-73.6451547321924,0.17346,0,2021.53634821918,2021.70980821918,46200000
24,25,0.00506000000000001,40.7788793087714,-74.0294181462549,40.8012485193588,-73.9985881238532,0.00506000000000001,0,2021.53634821918,2021.54140821918,46200000
25,22,0.3764,40.8012485193588,-73.9985881238532,40.6562980079757,-74.000548164165,0.38146,0.00506000000000001,2021.54140821918,2021.91780821918,46200000
25,23,0.2664,40.8012485193588,-73.9985881238532,40.7915980009189,-73.8237128162781,0.27146,0.00506000000000001,2021.54140821918,2021.80780821918,46200000
30,31,0.02392,40.7179017119635,-73.7552410804851,40.7057592425225,-74.0441868610701,0.02392,0,2021.44009027397,2021.46401027397,46200000
30,32,0.03214,40.7179017119635,-73.7552410804851,40.6788968601198,-73.7888068325823,0.03214,0,2021.44009027397,2021.47223027397,46200000
31,26,0.13325,40.7057592425225,-74.0441868610701,40.7378727103877,-73.9888873329804,0.15717,0.02392,2021.46401027397,2021.59726027397,46200000
31,27,0.11125,40.7057592425225,-74.0441868610701,40.594575155553,-73.9353285510113,0.13517,0.02392,2021.46401027397,2021.57526027397,46200000
32,28,0.11203,40.6788968601198,-73.7888068325823,40.539416350098,-74.1591702098671,0.14417,0.03214,2021.47223027397,2021.58426027397,46200000
32,29,0.12003,40.6788968601198,-73.7888068325823,40.683357431497,-73.8716132415612,0.15217,0.03214,2021.47223027397,2021.59226027397,46200000
38,33,0.19019,40.9330004728172,-73.918802674268,40.7263718782272,-73.7149847832274,0.19019,0,2021.59579630134,2021.78598630134,46200000
38,39,0.1137890566,40.9330004728172,-73.918802674268,40.7684181016147,-73.7159411109269,0.1137890566,0,2021.59579630134,2021.70958535794,46200000
39,37,0.1534009434,40.7684181016147,-73.7159411109269,40.759627425746,-73.6466295250879,0.26719,0.1137890566,2021.70958535794,2021.86298630134,46200000
39,40,0.03146094343,40.7684181016147,-73.7159411109269,40.8441106188186,-73.4567443428668,0.14525000003,0.1137890566,2021.70958535794,2021.74104630137,46200000
40,34,0.17994,40.8441106188186,-73.4567443428668,40.7286341576769,-73.5539781929964,0.32519000003,0.14525000003,2021.74104630137,2021.92098630137,46200000
40,41,0.08162,40.8441106188186,-73.4567443428668,40.6452217072977,-73.7864387346889,0.22687000003,0.14525000003,2021.74104630137,2021.82266630137,46200000
41,35,0.11132,40.6452217072977,-73.7864387346889,40.7728725333718,-73.5360870573719,0.33819000003,0.22687000003,2021.82266630137,2021.93398630137,46200000
41,36,0.11432,40.6452217072977,-73.7864387346889,40.7492815103148,-73.547611933163,0.34119000003,0.22687000003,2021.82266630137,2021.93698630137,46200000
47,48,0.0373,40.839616484354,-73.9517427663074,40.7628340096106,-73.8442588707637,0.0373,0,2021.78231493151,2021.81961493151,46200000
47,49,0.01865,40.839616484354,-73.9517427663074,40.6221358866482,-74.003779538702,0.01865,0,2021.78231493151,2021.80096493151,46200000
48,42,0.13107,40.7628340096106,-73.8442588707637,40.746382009005,-73.9806748607513,0.16837,0.0373,2021.81961493151,2021.95068493151,46200000
48,43,0.11207,40.7628340096106,-73.8442588707637,40.6019074404699,-74.1409331644826,0.14937,0.0373,2021.81961493151,2021.93168493151,46200000
49,44,0.12472,40.6221358866482,-74.003779538702,40.6075635241961,-73.9733615904456,0.14337,0.01865,2021.80096493151,2021.92568493151,46200000
49,50,0.01317,40.6221358866482,-74.003779538702,40.6351064349917,-74.0143090693547,0.03182,0.01865,2021.80096493151,2021.81413493151,46200000
50,45,0.11155,40.6351064349917,-74.0143090693547,40.5918891261778,-73.9768166388742,0.14337,0.03182,2021.81413493151,2021.92568493151,46200000
50,46,0.11155,40.6351064349917,-74.0143090693547,40.6000542457418,-73.9826255487888,0.14337,0.03182,2021.81413493151,2021.92568493151,46200000
57,51,0.15359,40.8000630757987,-74.1288135926688,41.0295883707591,-73.8613177947462,0.15359,0,2021.53097164384,2021.68456164384,46200000
57,58,0.01017,40.8000630757987,-74.1288135926688,40.7731220368051,-73.940835027684,0.01017,0,2021.53097164384,2021.54114164384,46200000
58,52,0.15742,40.7731220368051,-73.940835027684,40.6820350809437,-73.8738595705203,0.16759,0.01017,2021.54114164384,2021.69856164384,46200000
58,59,0.000739999999999991,40.7731220368051,-73.940835027684,40.7827268296367,-73.9450649895123,0.01091,0.01017,2021.54114164384,2021.54188164384,46200000
59,60,0.00708,40.7827268296367,-73.9450649895123,40.7983875629397,-73.9679398496783,0.01799,0.01091,2021.54188164384,2021.54896164384,46200000
59,53,0.15368,40.7827268296367,-73.9450649895123,40.7201681270115,-73.9744097767984,0.16459,0.01091,2021.54188164384,2021.69556164384,46200000
60,61,0.03216,40.7983875629397,-73.9679398496783,40.7700462400719,-74.0605501819107,0.05015,0.01799,2021.54896164384,2021.58112164384,46200000
60,54,0.1516,40.7983875629397,-73.9679398496783,40.7509322144639,-74.0097712661337,0.16959,0.01799,2021.54896164384,2021.70056164384,46200000
61,55,0.20244,40.7700462400719,-74.0605501819107,40.7570633428698,-73.9854115290363,0.25259,0.05015,2021.58112164384,2021.78356164384,46200000
61,56,0.11144,40.7700462400719,-74.0605501819107,40.7450051321951,-73.9774535200191,0.16159,0.05015,2021.58112164384,2021.69256164384,46200000
65,62,0.112,40.4615973374785,-73.9368514566222,40.6118227821661,-74.0032286992985,0.112,0,2021.59846575342,2021.71046575342,46200000
65,66,0.03288,40.4615973374785,-73.9368514566222,40.4542554281946,-73.5710564373876,0.03288,0,2021.59846575342,2021.63134575342,46200000
66,63,0.11112,40.4542554281946,-73.5710564373876,40.590681354188,-73.6002667484248,0.144,0.03288,2021.63134575342,2021.74246575342,46200000
66,64,0.11112,40.4542554281946,-73.5710564373876,40.5887564022835,-73.6478347275852,0.144,0.03288,2021.63134575342,2021.74246575342,46200000
74,67,0.1439884743,40.6105388620423,-74.0995214727779,40.6216118696978,-74.0322814841526,0.1439884743,0,2021.77439508734,2021.91838356164,46200000
74,75,0.002048474301,40.6105388620423,-74.0995214727779,40.6332290091055,-74.0926211836803,0.002048474301,0,2021.77439508734,2021.77644356164,46200000
75,76,0.05954,40.6332290091055,-74.0926211836803,40.5948898232057,-74.104788676697,0.061588474301,0.002048474301,2021.77644356164,2021.83598356164,46200000
75,78,0.01955,40.6332290091055,-74.0926211836803,40.6274656233374,-74.1960813473235,0.021598474301,0.002048474301,2021.77644356164,2021.79599356164,46200000
76,68,0.1284,40.5948898232057,-74.104788676697,40.8473335773589,-73.380389420903,0.189988474301,0.061588474301,2021.83598356164,2021.96438356164,46200000
76,77,0.00621999999999999,40.5948898232057,-74.104788676697,40.5486478692415,-74.0592821825961,0.067808474301,0.061588474301,2021.83598356164,2021.84220356164,46200000
77,69,0.12018,40.5486478692415,-74.0592821825961,40.6400799059348,-73.9007086144208,0.187988474301,0.067808474301,2021.84220356164,2021.96238356164,46200000
77,70,0.11118,40.5486478692415,-74.0592821825961,40.7447386776054,-73.987022893447,0.178988474301,0.067808474301,2021.84220356164,2021.95338356164,46200000
78,71,0.12539,40.6274656233374,-74.1960813473235,40.6332923814806,-74.036891453858,0.146988474301,0.021598474301,2021.79599356164,2021.92138356164,46200000
78,79,0.00236999999999998,40.6274656233374,-74.1960813473235,40.6032276535073,-74.0705882102582,0.023968474301,0.021598474301,2021.79599356164,2021.79836356164,46200000
79,73,0.11202,40.6032276535073,-74.0705882102582,40.6161788022477,-74.0229913155532,0.135988474301,0.023968474301,2021.79836356164,2021.91038356164,46200000
79,72,0.11402,40.6032276535073,-74.0705882102582,40.6290521176858,-74.0349411282803,0.137988474301,0.023968474301,2021.79836356164,2021.91238356164,46200000
88,89,0.01335491466,40.7075996120116,-74.0337224329644,40.7133659382757,-74.0555767411954,0.01335491466,0,2021.52007193466,2021.53342684932,46200000
88,94,0.000714914657599985,40.7075996120116,-74.0337224329644,40.7094857989503,-74.0228553690843,0.000714914657599985,0,2021.52007193466,2021.52078684932,46200000
89,80,0.15608,40.7133659382757,-74.0555767411954,40.7642659503448,-73.9643142111697,0.16943491466,0.01335491466,2021.53342684932,2021.68950684932,46200000
89,90,0.02298,40.7133659382757,-74.0555767411954,40.7090312898936,-74.028249637961,0.03633491466,0.01335491466,2021.53342684932,2021.55640684932,46200000
90,91,0.05205,40.7090312898936,-74.028249637961,40.8163998995789,-73.5589528197785,0.08838491466,0.03633491466,2021.55640684932,2021.60845684932,46200000
90,81,0.1111,40.7090312898936,-74.028249637961,40.7168095616735,-74.0020907461049,0.14743491466,0.03633491466,2021.55640684932,2021.66750684932,46200000
91,92,0.04593,40.8163998995789,-73.5589528197785,40.7471646440543,-73.4477969693424,0.13431491466,0.08838491466,2021.60845684932,2021.65438684932,46200000
91,82,0.11205,40.8163998995789,-73.5589528197785,40.7154562071555,-73.619271719302,0.20043491466,0.08838491466,2021.60845684932,2021.72050684932,46200000
92,93,0.07188,40.7471646440543,-73.4477969693424,40.7677956419531,-73.6529975336868,0.20619491466,0.13431491466,2021.65438684932,2021.72626684932,46200000
92,83,0.14512,40.7471646440543,-73.4477969693424,40.7523893852344,-73.5401176261023,0.27943491466,0.13431491466,2021.65438684932,2021.79950684932,46200000
93,84,0.11124,40.7677956419531,-73.6529975336868,40.7654765285002,-73.5866177173111,0.31743491466,0.20619491466,2021.72626684932,2021.83750684932,46200000
93,85,0.20524,40.7677956419531,-73.6529975336868,40.7320504891419,-73.7111899819698,0.41143491466,0.20619491466,2021.72626684932,2021.93150684932,46200000
94,86,0.11172,40.7094857989503,-74.0228553690843,40.6499989733291,-74.0197017546353,0.1124349146576,0.000714914657599985,2021.52078684932,2021.63250684932,46200000
94,87,0.14672,40.7094857989503,-74.0228553690843,40.7161139305847,-74.0011455157398,0.1474349146576,0.000714914657599985,2021.52078684932,2021.66750684932,46200000
98,97,0.1603413493,40.693838470934,-73.531394746821,40.7706773595507,-73.4588071525542,0.1603413493,0,2021.73012440417,2021.89046575347,46200000
98,99,0.06405134925,40.693838470934,-73.531394746821,40.7267868946899,-73.5974957369525,0.06405134925,0,2021.73012440417,2021.79417575342,46200000
99,95,0.14029,40.7267868946899,-73.5974957369525,40.6601697509516,-73.8472708691126,0.20434134925,0.06405134925,2021.79417575342,2021.93446575342,46200000
99,96,0.14829,40.7267868946899,-73.5974957369525,40.6480219204807,-73.5011542733775,0.21234134925,0.06405134925,2021.79417575342,2021.94246575342,46200000
103,100,0.11119,40.8440791234508,-72.9695940656537,40.889939379871,-73.6116028080658,0.11119,0,2021.51556342466,2021.62675342466,46200000
103,104,0.00822000000000001,40.8440791234508,-72.9695940656537,40.8364395862849,-73.0486811275602,0.00822000000000001,0,2021.51556342466,2021.52378342466,46200000
104,101,0.11197,40.8364395862849,-73.0486811275602,40.7562555170644,-73.4567202278005,0.12019,0.00822000000000001,2021.52378342466,2021.63575342466,46200000
104,102,0.14197,40.8364395862849,-73.0486811275602,40.7416557084053,-73.6305768979979,0.15019,0.00822000000000001,2021.52378342466,2021.66575342466,46200000
108,105,0.16388,40.6154804216004,-73.9220231770713,40.7523571574569,-73.6093432118083,0.16388,0,2021.75440767123,2021.91828767123,46200000
108,109,0.00827,40.6154804216004,-73.9220231770713,40.7428470906313,-73.8421516516534,0.00827,0,2021.75440767123,2021.76267767123,46200000
109,106,0.16061,40.7428470906313,-73.8421516516534,40.7402809206413,-73.6382462676034,0.16888,0.00827,2021.76267767123,2021.92328767123,46200000
109,107,0.11161,40.7428470906313,-73.8421516516534,40.7191393685538,-73.5774220446466,0.11988,0.00827,2021.76267767123,2021.87428767123,46200000
113,110,0.16321,40.4904514012111,-74.0129289135508,40.7802858408047,-73.9591625906193,0.16321,0,2021.52172150685,2021.68493150685,46200000
113,114,0.02462,40.4904514012111,-74.0129289135508,40.5269503513789,-73.8251384677726,0.02462,0,2021.52172150685,2021.54634150685,46200000
114,111,0.11659,40.5269503513789,-73.8251384677726,40.7068673397082,-74.0120941314369,0.14121,0.02462,2021.54634150685,2021.66293150685,46200000
114,112,0.11359,40.5269503513789,-73.8251384677726,40.8523861300533,-73.3974611245327,0.13821,0.02462,2021.54634150685,2021.65993150685,46200000
118,115,0.1794692936,40.7947335650873,-73.7916043711663,40.7643857710772,-73.5541612719828,0.1794692936,0,2021.77669508996,2021.95616438356,46200000
118,119,0.002289293552,40.7947335650873,-73.7916043711663,40.73360258585,-73.8148292958419,0.002289293552,0,2021.77669508996,2021.77898438351,46200000
119,116,0.12018,40.73360258585,-73.8148292958419,40.7722242599567,-73.6347276838433,0.122469293552,0.002289293552,2021.77898438351,2021.89916438351,46200000
119,117,0.11118,40.73360258585,-73.8148292958419,40.7211391244811,-73.7041832899598,0.113469293552,0.002289293552,2021.77898438351,2021.89016438351,46200000
123,120,0.22524,40.7892828375461,-73.6266612257541,40.6912671761935,-73.6502748105087,0.22524,0,2021.70352712329,2021.92876712329,46200000
123,124,0.05231,40.7892828375461,-73.6266612257541,40.663559752708,-73.4992175525994,0.05231,0,2021.70352712329,2021.75583712329,46200000
124,121,0.13393,40.663559752708,-73.4992175525994,40.7315962495121,-73.6469677572605,0.18624,0.05231,2021.75583712329,2021.88976712329,46200000
124,122,0.13993,40.663559752708,-73.4992175525994,40.7287537028426,-73.6868133345367,0.19224,0.05231,2021.75583712329,2021.89576712329,46200000
129,125,0.15583,40.6789832444804,-73.6442271252757,40.7776232427854,-73.9038461428574,0.15583,0,2021.51543027397,2021.67126027397,46200000
129,130,0.05946,40.6789832444804,-73.6442271252757,40.6372981857399,-73.7059691406724,0.05946,0,2021.51543027397,2021.57489027397,46200000
130,126,0.16237,40.6372981857399,-73.7059691406724,40.5829020884297,-73.9099738327605,0.22183,0.05946,2021.57489027397,2021.73726027397,46200000
130,131,0.01086,40.6372981857399,-73.7059691406724,40.683664860647,-73.6190411523707,0.07032,0.05946,2021.57489027397,2021.58575027397,46200000
131,127,0.15451,40.683664860647,-73.6190411523707,40.6915300242692,-73.4449007824249,0.22483,0.07032,2021.58575027397,2021.74026027397,46200000
131,128,0.21151,40.683664860647,-73.6190411523707,40.7929685572494,-73.9507110323469,0.28183,0.07032,2021.58575027397,2021.79726027397,46200000
137,136,0.1551677337,40.6750967296174,-73.3639435641463,40.6626243786647,-73.4944608116617,0.1551677337,0,2021.66059938959,2021.81576712329,46200000
137,138,0.0550377337,40.6750967296174,-73.3639435641463,40.6754795461187,-73.5671234796713,0.0550377337,0,2021.66059938959,2021.71563712329,46200000
138,132,0.21313,40.6754795461187,-73.5671234796713,40.7117866489915,-73.703785386268,0.2681677337,0.0550377337,2021.71563712329,2021.92876712329,46200000
138,139,0.09037,40.6754795461187,-73.5671234796713,40.6695965156912,-73.6712819409037,0.1454077337,0.0550377337,2021.71563712329,2021.80600712329,46200000
139,133,0.11176,40.6695965156912,-73.6712819409037,40.7389045524114,-73.6418369522082,0.2571677337,0.1454077337,2021.80600712329,2021.91776712329,46200000
139,140,0.00273999999999999,40.6695965156912,-73.6712819409037,40.6530513689786,-73.7383575291689,0.1481477337,0.1454077337,2021.80600712329,2021.80874712329,46200000
140,134,0.11202,40.6530513689786,-73.7383575291689,40.7355951990325,-73.6333923046734,0.2601677337,0.1481477337,2021.80874712329,2021.92076712329,46200000
140,135,0.12002,40.6530513689786,-73.7383575291689,40.7535150577607,-73.6260048755584,0.2681677337,0.1481477337,2021.80874712329,2021.92876712329,46200000
150,141,0.11143,40.7518189493905,-73.6695718333449,40.7429415579887,-73.6845030784777,0.11143,0,2021.71865219178,2021.83008219178,46200000
150,151,0.00419999999999998,40.7518189493905,-73.6695718333449,40.7385893114182,-73.695875560613,0.00419999999999998,0,2021.71865219178,2021.72285219178,46200000
151,152,0.00243000000000004,40.7385893114182,-73.695875560613,40.7564649600089,-73.5108797313663,0.00663000000000002,0.00419999999999998,2021.72285219178,2021.72528219178,46200000
151,142,0.17023,40.7385893114182,-73.695875560613,40.7044751272944,-73.5694214784087,0.17443,0.00419999999999998,2021.72285219178,2021.89308219178,46200000
152,153,0.00705999999999998,40.7564649600089,-73.5108797313663,40.7782867115294,-73.5893151070501,0.01369,0.00663000000000002,2021.72528219178,2021.73234219178,46200000
152,143,0.2528,40.7564649600089,-73.5108797313663,40.606171751587,-74.0026313495476,0.25943,0.00663000000000002,2021.72528219178,2021.97808219178,46200000
153,154,0.01428,40.7782867115294,-73.5893151070501,40.6232041316729,-73.5504080645057,0.02797,0.01369,2021.73234219178,2021.74662219178,46200000
153,144,0.11174,40.7782867115294,-73.5893151070501,40.7082241388697,-73.6623946045439,0.12543,0.01369,2021.73234219178,2021.84408219178,46200000
154,145,0.11346,40.6232041316729,-73.5504080645057,40.6718790651608,-73.4931626039007,0.14143,0.02797,2021.74662219178,2021.86008219178,46200000
154,155,0.0323,40.6232041316729,-73.5504080645057,40.6058230311137,-73.7210074339874,0.06027,0.02797,2021.74662219178,2021.77892219178,46200000
155,156,0.00320000000000001,40.6058230311137,-73.7210074339874,40.6330012345693,-73.8057796803126,0.06347,0.06027,2021.77892219178,2021.78212219178,46200000
155,146,0.11116,40.6058230311137,-73.7210074339874,40.6524965918672,-73.656845855565,0.17143,0.06027,2021.77892219178,2021.89008219178,46200000
156,157,0.00228,40.6330012345693,-73.8057796803126,40.6534036583646,-73.7352125155458,0.06575,0.06347,2021.78212219178,2021.78440219178,46200000
156,147,0.11696,40.6330012345693,-73.8057796803126,40.7441743917002,-73.6013274514994,0.18043,0.06347,2021.78212219178,2021.89908219178,46200000
157,149,0.12268,40.6534036583646,-73.7352125155458,40.5835628828208,-73.9022986163986,0.18843,0.06575,2021.78440219178,2021.90708219178,46200000
157,148,0.11168,40.6534036583646,-73.7352125155458,40.6665789190518,-73.672083889861,0.17743,0.06575,2021.78440219178,2021.89608219178,46200000
161,158,0.16335,40.7075025377139,-73.3351223213838,40.674638727443,-73.7094206569506,0.16335,0,2021.74619794521,2021.90954794521,46200000
161,162,0.00255,40.7075025377139,-73.3351223213838,40.7291703296208,-73.3572746673775,0.00255,0,2021.74619794521,2021.74874794521,46200000
162,159,0.1718,40.7291703296208,-73.3572746673775,40.781972966336,-73.6380002291121,0.17435,0.00255,2021.74874794521,2021.92054794521,46200000
162,160,0.1438,40.7291703296208,-73.3572746673775,40.6298080917901,-73.6722228320581,0.14635,0.00255,2021.74874794521,2021.89254794521,46200000
166,163,0.28585,40.9091280760213,-72.9877955449391,40.6965096106783,-73.6195897050209,0.28585,0,2021.67305410959,2021.95890410959,46200000
166,167,0.09682,40.9091280760213,-72.9877955449391,40.9066146217955,-73.3124101702911,0.09682,0,2021.67305410959,2021.76987410959,46200000
167,164,0.11203,40.9066146217955,-73.3124101702911,40.780191219422,-73.5122779006081,0.20885,0.09682,2021.76987410959,2021.88190410959,46200000
167,165,0.15903,40.9066146217955,-73.3124101702911,40.7217106367859,-73.5783269320648,0.25585,0.09682,2021.76987410959,2021.92890410959,46200000
173,172,0.2501938051,40.6204575671005,-73.9256526310048,40.7166452657391,-73.5652899218755,0.2501938051,0,2021.68166920864,2021.93186301374,46200000
173,174,0.06191307431,40.6204575671005,-73.9256526310048,40.6414001034724,-73.8403631409319,0.06191307431,0,2021.68166920864,2021.74358228295,46200000
174,168,0.1772807308,40.6414001034724,-73.8403631409319,40.6065646441861,-74.0184889278761,0.23919380511,0.06191307431,2021.74358228295,2021.92086301375,46200000
174,175,0.00118073075099998,40.6414001034724,-73.8403631409319,40.6513956417159,-73.8411154925247,0.063093805061,0.06191307431,2021.74358228295,2021.7447630137,46200000
175,169,0.2251,40.6513956417159,-73.8411154925247,40.7264362817221,-73.9385957640366,0.288193805061,0.063093805061,2021.7447630137,2021.9698630137,46200000
175,176,0.0175,40.6513956417159,-73.8411154925247,40.6457385744563,-73.7977952316033,0.080593805061,0.063093805061,2021.7447630137,2021.7622630137,46200000
176,170,0.1116,40.6457385744563,-73.7977952316033,40.7447224690773,-73.9824563019272,0.192193805061,0.080593805061,2021.7622630137,2021.8738630137,46200000
176,171,0.1826,40.6457385744563,-73.7977952316033,40.7302991495624,-73.9910030005356,0.263193805061,0.080593805061,2021.7622630137,2021.9448630137,46200000
180,177,0.11201,40.5777599523751,-73.8590164912041,40.6844514059264,-73.9874592532137,0.11201,0,2021.73504479452,2021.84705479452,46200000
180,181,0.00548,40.5777599523751,-73.8590164912041,40.5350803846063,-73.7966253245388,0.00548,0,2021.73504479452,2021.74052479452,46200000
181,178,0.11153,40.5350803846063,-73.7966253245388,40.7291215285414,-73.9461036961129,0.11701,0.00548,2021.74052479452,2021.85205479452,46200000
181,179,0.11153,40.5350803846063,-73.7966253245388,40.6707868744189,-73.967591298403,0.11701,0.00548,2021.74052479452,2021.85205479452,46200000
186,182,0.11174,40.6853232880287,-73.5291750470389,40.721239875196,-73.6655254174823,0.11174,0,2021.79530109589,2021.90704109589,46200000
186,187,0.02466,40.6853232880287,-73.5291750470389,40.806383970294,-73.6975203799127,0.02466,0,2021.79530109589,2021.81996109589,46200000
187,183,0.11208,40.806383970294,-73.6975203799127,40.6368394663338,-74.1293723396339,0.13674,0.02466,2021.81996109589,2021.93204109589,46200000
187,188,0.01096,40.806383970294,-73.6975203799127,40.7877504558532,-73.7262410573722,0.03562,0.02466,2021.81996109589,2021.83092109589,46200000
188,184,0.15812,40.7877504558532,-73.7262410573722,40.7516712645752,-73.999329541044,0.19374,0.03562,2021.83092109589,2021.98904109589,46200000
188,185,0.11112,40.7877504558532,-73.7262410573722,40.6584423756763,-73.6878837259827,0.14674,0.03562,2021.83092109589,2021.94204109589,46200000
192,191,0.14765,40.8262853887297,-74.2466865739369,41.252718172654,-73.7055305086777,0.14765,0,2021.7890760274,2021.9367260274,46200000
192,193,0.02141,40.8262853887297,-74.2466865739369,40.4501741296038,-74.0589661889617,0.02141,0,2021.7890760274,2021.8104860274,46200000
193,189,0.12624,40.4501741296038,-74.0589661889617,40.5787881661463,-74.179434943427,0.14765,0.02141,2021.8104860274,2021.9367260274,46200000
193,190,0.12924,40.4501741296038,-74.0589661889617,40.5853974248247,-74.1710277173292,0.15065,0.02141,2021.8104860274,2021.9397260274,46200000
197,194,0.1769,40.7257470871346,-74.024013432596,40.7678585211899,-73.7882293806151,0.1769,0,2021.79570273973,2021.97260273973,46200000
197,198,0.02658,40.7257470871346,-74.024013432596,40.6829151386458,-73.8352365724223,0.02658,0,2021.79570273973,2021.82228273973,46200000
198,195,0.11132,40.6829151386458,-73.8352365724223,40.7101995951138,-73.5518918228952,0.1379,0.02658,2021.82228273973,2021.93360273973,46200000
198,196,0.11132,40.6829151386458,-73.8352365724223,40.709802337865,-73.5347075452499,0.1379,0.02658,2021.82228273973,2021.93360273973,46200000
208,210,0.02258,40.6287618091933,-73.9322918997694,40.6107435404043,-73.8521118045668,0.02258,0,2021.72201808219,2021.74459808219,46200000
208,209,0.03969,40.6287618091933,-73.9322918997694,40.726245155446,-73.9308834975151,0.03969,0,2021.72201808219,2021.76170808219,46200000
209,199,0.16747,40.726245155446,-73.9308834975151,40.7299603261299,-73.870224706424,0.20716,0.03969,2021.76170808219,2021.92917808219,46200000
209,200,0.18647,40.726245155446,-73.9308834975151,40.7222539810391,-73.8568726348569,0.22616,0.03969,2021.76170808219,2021.94817808219,46200000
210,201,0.15958,40.6107435404043,-73.8521118045668,40.6435003719678,-73.8828312613916,0.18216,0.02258,2021.74459808219,2021.90417808219,46200000
210,211,0.00484000000000001,40.6107435404043,-73.8521118045668,40.6315446574715,-73.9351465425314,0.02742,0.02258,2021.74459808219,2021.74943808219,46200000
211,212,0.06793,40.6315446574715,-73.9351465425314,40.7018393618561,-73.7721447321088,0.09535,0.02742,2021.74943808219,2021.81736808219,46200000
211,214,0.00218000000000002,40.6315446574715,-73.9351465425314,40.6270987130285,-73.9122095679736,0.0296,0.02742,2021.74943808219,2021.75161808219,46200000
212,213,0.01096,40.7018393618561,-73.7721447321088,40.7144849812976,-73.9594489847788,0.10631,0.09535,2021.81736808219,2021.82832808219,46200000
212,202,0.11181,40.7018393618561,-73.7721447321088,40.7340464349522,-73.8599888767192,0.20716,0.09535,2021.81736808219,2021.92917808219,46200000
213,203,0.19085,40.7144849812976,-73.9594489847788,40.7839686951108,-73.9774952144002,0.29716,0.10631,2021.82832808219,2022.01917808219,46200000
213,204,0.11185,40.7144849812976,-73.9594489847788,40.606124401791,-73.7532003688122,0.21816,0.10631,2021.82832808219,2021.94017808219,46200000
214,205,0.11156,40.6270987130285,-73.9122095679736,40.7611108292557,-73.8993963426826,0.14116,0.0296,2021.75161808219,2021.86317808219,46200000
214,215,0.04225,40.6270987130285,-73.9122095679736,40.6432061616161,-73.9622026075368,0.07185,0.0296,2021.75161808219,2021.79386808219,46200000
215,207,0.11631,40.6432061616161,-73.9622026075368,40.8165647501483,-73.646435167157,0.18816,0.07185,2021.79386808219,2021.91017808219,46200000
215,206,0.11631,40.6432061616161,-73.9622026075368,40.7299996194298,-73.8581321751407,0.18816,0.07185,2021.79386808219,2021.91017808219,46200000
219,216,0.14133,40.5408213229277,-74.1000561474395,40.7122535531778,-73.734046791676,0.14133,0,2021.78457410959,2021.92590410959,46200000
219,220,0.0517,40.5408213229277,-74.1000561474395,40.7412464757471,-73.6478017156648,0.0517,0,2021.78457410959,2021.83627410959,46200000
220,217,0.11163,40.7412464757471,-73.6478017156648,40.7187921817645,-73.6784947494291,0.16333,0.0517,2021.83627410959,2021.94790410959,46200000
220,218,0.12263,40.7412464757471,-73.6478017156648,40.7293135540589,-73.6237665261774,0.17433,0.0517,2021.83627410959,2021.95890410959,46200000
224,221,0.11134,40.7135962225288,-73.7635251021386,40.7511919862881,-73.9804632797885,0.11134,0,2021.49649561644,2021.60783561644,46200000
224,225,0.00273999999999999,40.7135962225288,-73.7635251021386,40.7672288877768,-73.71319723743,0.00273999999999999,0,2021.49649561644,2021.49923561644,46200000
225,222,0.1116,40.7672288877768,-73.71319723743,40.8154813832603,-73.9613179289023,0.11434,0.00273999999999999,2021.49923561644,2021.61083561644,46200000
225,223,0.1446,40.7672288877768,-73.71319723743,40.6448877749075,-74.0019488887393,0.14734,0.00273999999999999,2021.49923561644,2021.64383561644,46200000
229,226,0.12224,40.7108049709312,-74.0640816506423,40.5883775143752,-73.9213589457363,0.12224,0,2021.49337643836,2021.61561643836,46200000
229,230,0.01713,40.7108049709312,-74.0640816506423,40.7188951115598,-74.3136960101719,0.01713,0,2021.49337643836,2021.51050643836,46200000
230,227,0.12511,40.7188951115598,-74.3136960101719,40.7419908304973,-73.9930782911193,0.14224,0.01713,2021.51050643836,2021.63561643836,46200000
230,228,0.11911,40.7188951115598,-74.3136960101719,40.7413137180515,-73.9794746840838,0.13624,0.01713,2021.51050643836,2021.62961643836,46200000
235,231,0.11249,40.5984641531104,-73.9803620652798,40.6230809698733,-74.0299731392564,0.11249,0,2021.62759219178,2021.74008219178,46200000
235,236,0.02804,40.5984641531104,-73.9803620652798,40.5535040192402,-73.8833466651956,0.02804,0,2021.62759219178,2021.65563219178,46200000
236,232,0.11145,40.5535040192402,-73.8833466651956,40.6076056784863,-74.0155051333443,0.13949,0.02804,2021.65563219178,2021.76708219178,46200000
236,237,0.00274000000000001,40.5535040192402,-73.8833466651956,40.5408009076519,-73.9076900418867,0.03078,0.02804,2021.65563219178,2021.65837219178,46200000
237,233,0.11971,40.5408009076519,-73.9076900418867,40.5828351063879,-73.9595602226018,0.15049,0.03078,2021.65837219178,2021.77808219178,46200000
237,234,0.11171,40.5408009076519,-73.9076900418867,40.6292860019723,-74.0176155799236,0.14249,0.03078,2021.65837219178,2021.77008219178,46200000
243,244,0.0276392028,40.7695195726739,-73.8699979867178,40.8559428093802,-73.8043039839342,0.0276392028,0,2021.56018956432,2021.58782876712,46200000
243,246,0.000459202796399993,40.7695195726739,-73.8699979867178,40.7422122231882,-74.0326386292103,0.000459202796399993,0,2021.56018956432,2021.56064876712,46200000
244,238,0.1135,40.8559428093802,-73.8043039839342,40.8642004246677,-73.9105210701024,0.1411392028,0.0276392028,2021.58782876712,2021.70132876712,46200000
244,245,0.0105,40.8559428093802,-73.8043039839342,40.7133270231435,-73.8218559513483,0.0381392028,0.0276392028,2021.58782876712,2021.59832876712,46200000
245,239,0.112,40.7133270231435,-73.8218559513483,40.643375011712,-73.9370853352623,0.1501392028,0.0381392028,2021.59832876712,2021.71032876712,46200000
245,240,0.114,40.7133270231435,-73.8218559513483,40.7642469914873,-73.9540170829594,0.1521392028,0.0381392028,2021.59832876712,2021.71232876712,46200000
246,241,0.14068,40.7422122231882,-74.0326386292103,40.8606387539229,-73.848690423162,0.1411392027964,0.000459202796399993,2021.56064876712,2021.70132876712,46200000
246,242,0.13868,40.7422122231882,-74.0326386292103,40.7447759666302,-73.9709453066058,0.1391392027964,0.000459202796399993,2021.56064876712,2021.69932876712,46200000
250,247,0.13761,40.3861655992191,-73.6138063486581,40.5872198575135,-73.9683027066009,0.13761,0,2021.6292530137,2021.7668630137,46200000
250,251,0.02617,40.3861655992191,-73.6138063486581,40.4462235513187,-73.579292174141,0.02617,0,2021.6292530137,2021.6554230137,46200000
251,248,0.11144,40.4462235513187,-73.579292174141,40.5858558547017,-73.9781906093913,0.13761,0.02617,2021.6554230137,2021.7668630137,46200000
251,249,0.11444,40.4462235513187,-73.579292174141,40.6061548562849,-73.9699943620221,0.14061,0.02617,2021.6554230137,2021.7698630137,46200000
256,257,0.00124103339000001,40.613875117064,-73.910626993743,40.6452111807144,-73.9288771571293,0.00124103339000001,0,2021.75593554195,2021.75717657534,46200000
256,258,0.00124103339000001,40.613875117064,-73.910626993743,40.6452111807144,-73.9288771571293,0.00124103339000001,0,2021.75593554195,2021.75717657534,46200000
257,252,0.17507,40.6452111807144,-73.9288771571293,40.627329990023,-74.0175616769316,0.17631103339,0.00124103339000001,2021.75717657534,2021.93224657534,46200000
257,253,0.17707,40.6452111807144,-73.9288771571293,40.6228984536958,-74.0203811787706,0.17831103339,0.00124103339000001,2021.75717657534,2021.93424657534,46200000
258,254,0.11107,40.6452111807144,-73.9288771571293,40.6312301921634,-74.0201587743346,0.11231103339,0.00124103339000001,2021.75717657534,2021.86824657534,46200000
258,255,0.13607,40.6452111807144,-73.9288771571293,40.6278076318569,-74.0196415701839,0.13731103339,0.00124103339000001,2021.75717657534,2021.89324657534,46200000
266,259,0.2341611593,40.7150973764924,-73.6454108310822,40.7538306970832,-73.5710243654623,0.2341611593,0,2021.43707171741,2021.67123287671,46200000
266,267,0.00166115928999999,40.7150973764924,-73.6454108310822,40.7137751572459,-73.6179847053709,0.00166115928999999,0,2021.43707171741,2021.4387328767,46200000
267,260,0.1695,40.7137751572459,-73.6179847053709,40.671099276657,-73.6057300897636,0.17116115929,0.00166115928999999,2021.4387328767,2021.6082328767,46200000
267,268,0.02253,40.7137751572459,-73.6179847053709,40.6983352504668,-73.5498989080781,0.02419115929,0.00166115928999999,2021.4387328767,2021.4612628767,46200000
268,261,0.11197,40.6983352504668,-73.5498989080781,40.7075557715378,-73.6183730560884,0.13616115929,0.02419115929,2021.4612628767,2021.5732328767,46200000
268,269,0.00821999999999998,40.6983352504668,-73.5498989080781,40.6662835477232,-73.5979472840699,0.03241115929,0.02419115929,2021.4612628767,2021.4694828767,46200000
269,270,0.00273999999999999,40.6662835477232,-73.5979472840699,40.6739674056551,-73.6237252202949,0.03515115929,0.03241115929,2021.4694828767,2021.4722228767,46200000
269,262,0.11175,40.6662835477232,-73.5979472840699,40.6876899596259,-73.3391522139729,0.14416115929,0.03241115929,2021.4694828767,2021.5812328767,46200000
270,263,0.11201,40.6739674056551,-73.6237252202949,40.7207156838898,-73.5820055490606,0.14716115929,0.03515115929,2021.4722228767,2021.5842328767,46200000
270,271,0.00548000000000001,40.6739674056551,-73.6237252202949,40.6809943959374,-73.7646621144371,0.04063115929,0.03515115929,2021.4722228767,2021.4777028767,46200000
271,264,0.11753,40.6809943959374,-73.7646621144371,40.6926277836868,-73.6530333316136,0.15816115929,0.04063115929,2021.4777028767,2021.5952328767,46200000
271,265,0.11153,40.6809943959374,-73.7646621144371,40.7393778875722,-73.549147538522,0.15216115929,0.04063115929,2021.4777028767,2021.5892328767,46200000
275,272,0.12412,40.7092476300445,-74.0316017241579,40.7489944152034,-73.8848315775069,0.12412,0,2021.53851013699,2021.66263013699,46200000
275,276,0.03445,40.7092476300445,-74.0316017241579,40.714012758009,-73.9337892021999,0.03445,0,2021.53851013699,2021.57296013699,46200000
276,273,0.12567,40.714012758009,-73.9337892021999,40.7116183789657,-73.9901772826707,0.16012,0.03445,2021.57296013699,2021.69863013699,46200000
276,274,0.11167,40.714012758009,-73.9337892021999,40.7146373254769,-73.9796510734304,0.14612,0.03445,2021.57296013699,2021.68463013699,46200000
285,286,0.0203484797,40.7649336461912,-73.5013581318613,40.7343251929757,-73.5263512764454,0.0203484797,0,2021.73665809564,2021.75700657534,46200000
285,290,0.00227847969600001,40.7649336461912,-73.5013581318613,40.7285599943738,-73.6321013483011,0.00227847969600001,0,2021.73665809564,2021.73893657534,46200000
286,277,0.15324,40.7343251929757,-73.5263512764454,40.7054382651302,-73.6251634786549,0.1735884797,0.0203484797,2021.75700657534,2021.91024657534,46200000
286,287,0.03895,40.7343251929757,-73.5263512764454,40.724043479161,-73.4411492682775,0.0592984797,0.0203484797,2021.75700657534,2021.79595657534,46200000
287,288,0.01645,40.724043479161,-73.4411492682775,40.7529802107343,-73.4496825832172,0.0757484797,0.0592984797,2021.79595657534,2021.81240657534,46200000
287,278,0.11429,40.724043479161,-73.4411492682775,40.6979721444947,-73.6310721999493,0.1735884797,0.0592984797,2021.79595657534,2021.91024657534,46200000
288,289,0.00226999999999999,40.7529802107343,-73.4496825832172,40.7323393440348,-73.5216443855645,0.0780184797,0.0757484797,2021.81240657534,2021.81467657534,46200000
288,279,0.11384,40.7529802107343,-73.4496825832172,40.695280191326,-73.579030086059,0.1895884797,0.0757484797,2021.81240657534,2021.92624657534,46200000
289,281,0.11957,40.7323393440348,-73.5216443855645,40.7229725670789,-73.5919886188114,0.1975884797,0.0780184797,2021.81467657534,2021.93424657534,46200000
289,280,0.11157,40.7323393440348,-73.5216443855645,40.716050036932,-73.5816014541337,0.1895884797,0.0780184797,2021.81467657534,2021.92624657534,46200000
290,282,0.12931,40.7285599943738,-73.6321013483011,40.7133299803009,-73.615556401433,0.131588479696,0.00227847969600001,2021.73893657534,2021.86824657534,46200000
290,291,0.04107,40.7285599943738,-73.6321013483011,40.7424235700101,-73.6467345558355,0.043348479696,0.00227847969600001,2021.73893657534,2021.78000657534,46200000
291,283,0.12124,40.7424235700101,-73.6467345558355,40.7090804130291,-73.6266237711623,0.164588479696,0.043348479696,2021.78000657534,2021.90124657534,46200000
291,284,0.13224,40.7424235700101,-73.6467345558355,40.6972833772175,-73.6109698266767,0.175588479696,0.043348479696,2021.78000657534,2021.91224657534,46200000
297,292,0.21037,40.7742577285328,-73.2420839505868,40.7017147348276,-73.6194482491865,0.21037,0,2021.74567109589,2021.95604109589,46200000
297,298,0.000709999999999988,40.7742577285328,-73.2420839505868,40.7570329092541,-73.2772428520919,0.000709999999999988,0,2021.74567109589,2021.74638109589,46200000
298,293,0.14666,40.7570329092541,-73.2772428520919,40.8800553459501,-73.4101159684001,0.14737,0.000709999999999988,2021.74638109589,2021.89304109589,46200000
298,299,0.021796721,40.7570329092541,-73.2772428520919,40.8379983013154,-73.6212791737538,0.022506721,0.000709999999999988,2021.74638109589,2021.76817781689,46200000
299,294,0.220863279,40.8379983013154,-73.6212791737538,40.7666916738862,-73.9021129329932,0.24337,0.022506721,2021.76817781689,2021.98904109589,46200000
299,300,0.00271327900400001,40.8379983013154,-73.6212791737538,40.8305565153201,-73.6293711650956,0.025220000004,0.022506721,2021.76817781689,2021.77089109589,46200000
300,295,0.16115,40.8305565153201,-73.6293711650956,40.743717105318,-73.6256325354695,0.186370000004,0.025220000004,2021.77089109589,2021.93204109589,46200000
300,296,0.15515,40.8305565153201,-73.6293711650956,40.6582936667266,-73.7205368550835,0.180370000004,0.025220000004,2021.77089109589,2021.92604109589,46200000
304,301,0.15344,40.9570803040236,-73.9753975650526,40.6903417450692,-73.7394279116833,0.15344,0,2021.52836821918,2021.68180821918,46200000
304,305,0.02848,40.9570803040236,-73.9753975650526,40.7080122802317,-73.9800249473563,0.02848,0,2021.52836821918,2021.55684821918,46200000
305,302,0.15296,40.7080122802317,-73.9800249473563,40.6351832065266,-73.9901441216965,0.18144,0.02848,2021.55684821918,2021.70980821918,46200000
305,303,0.16096,40.7080122802317,-73.9800249473563,40.8114212159638,-73.942702013868,0.18944,0.02848,2021.55684821918,2021.71780821918,46200000
310,311,0.02784,40.7541584905361,-73.4481087023611,40.7346569097904,-73.6843048058499,0.02784,0,2021.64169616438,2021.66953616438,46200000
310,312,0.04197,40.7541584905361,-73.4481087023611,40.7574672468725,-73.9309384303437,0.04197,0,2021.64169616438,2021.68366616438,46200000
311,306,0.11182,40.7346569097904,-73.6843048058499,40.7510382487487,-73.588347911944,0.13966,0.02784,2021.66953616438,2021.78135616438,46200000
311,307,0.12582,40.7346569097904,-73.6843048058499,40.7376820733371,-73.5865904651975,0.15366,0.02784,2021.66953616438,2021.79535616438,46200000
312,308,0.15469,40.7574672468725,-73.9309384303437,40.7163796863542,-73.6233658102725,0.19666,0.04197,2021.68366616438,2021.83835616438,46200000
312,309,0.11969,40.7574672468725,-73.9309384303437,40.7561573987702,-73.5748584393374,0.16166,0.04197,2021.68366616438,2021.80335616438,46200000
316,313,0.16578,40.7184130832302,-73.6449563020363,40.6398924716159,-73.5512333042806,0.16578,0,2021.7269460274,2021.8927260274,46200000
316,317,0.00223000000000001,40.7184130832302,-73.6449563020363,40.7248650222133,-73.6904293913489,0.00223000000000001,0,2021.7269460274,2021.7291760274,46200000
317,314,0.21055,40.7248650222133,-73.6904293913489,40.6981974055833,-73.6177640062955,0.21278,0.00223000000000001,2021.7291760274,2021.9397260274,46200000
317,315,0.11155,40.7248650222133,-73.6904293913489,40.6511722476171,-73.9757351741332,0.11378,0.00223000000000001,2021.7291760274,2021.8407260274,46200000
321,318,0.11157,40.8068623765821,-73.4784452435487,40.7683158465844,-73.580084114604,0.11157,0,2021.60369027397,2021.71526027397,46200000
321,322,0.04658,40.8068623765821,-73.4784452435487,40.7261709476471,-73.2758628792088,0.04658,0,2021.60369027397,2021.65027027397,46200000
322,319,0.14699,40.7261709476471,-73.2758628792088,40.6488984897649,-73.5322341616762,0.19357,0.04658,2021.65027027397,2021.79726027397,46200000
322,320,0.11199,40.7261709476471,-73.2758628792088,40.7632710476591,-73.5512984254838,0.15857,0.04658,2021.65027027397,2021.76226027397,46200000
326,323,0.11172,40.6841885435207,-73.5855583615976,40.7648432833258,-73.9108174859052,0.11172,0,2021.52111561644,2021.63283561644,46200000
326,327,0.00822000000000001,40.6841885435207,-73.5855583615976,40.7903326198395,-74.1193077294433,0.00822000000000001,0,2021.52111561644,2021.52933561644,46200000
327,324,0.1115,40.7903326198395,-74.1193077294433,41.2691684530038,-73.6855935294256,0.11972,0.00822000000000001,2021.52933561644,2021.64083561644,46200000
327,325,0.1145,40.7903326198395,-74.1193077294433,40.7346111591355,-73.9579665401522,0.12272,0.00822000000000001,2021.52933561644,2021.64383561644,46200000
331,328,0.1134807371,40.6935405088456,-73.5164494464729,40.6846112467,-73.6167752338256,0.1134807371,0,2021.78214939993,2021.89563013703,46200000
331,332,0.001780737056,40.6935405088456,-73.5164494464729,40.7090362765725,-73.5246743666132,0.001780737056,0,2021.78214939993,2021.78393013699,46200000
332,329,0.1117,40.7090362765725,-73.5246743666132,40.6964642840372,-73.6262612761029,0.113480737056,0.001780737056,2021.78393013699,2021.89563013699,46200000
332,330,0.1147,40.7090362765725,-73.5246743666132,40.6939405019354,-73.6146749452379,0.116480737056,0.001780737056,2021.78393013699,2021.89863013699,46200000
337,333,0.11139,40.9013383408427,-73.8540661480972,40.700693848229,-73.6010979304469,0.11139,0,2021.49692506849,2021.60831506849,46200000
337,338,0.0137,40.9013383408427,-73.8540661480972,40.8933113529223,-73.9764941605559,0.0137,0,2021.49692506849,2021.51062506849,46200000
338,334,0.11169,40.8933113529223,-73.9764941605559,40.7953077617029,-73.00330127166,0.12539,0.0137,2021.51062506849,2021.62231506849,46200000
338,339,0.00548000000000001,40.8933113529223,-73.9764941605559,40.9171236595714,-73.8001794005814,0.01918,0.0137,2021.51062506849,2021.51610506849,46200000
339,335,0.11121,40.9171236595714,-73.8001794005814,40.6872743513231,-73.6190467787273,0.13039,0.01918,2021.51610506849,2021.62731506849,46200000
339,336,0.13321,40.9171236595714,-73.8001794005814,40.8581181375496,-73.8857865310098,0.15239,0.01918,2021.51610506849,2021.64931506849,46200000
343,340,0.11204,40.6923549374447,-74.0909325080517,40.7287748696922,-73.6861033263466,0.11204,0,2021.59774082192,2021.70978082192,46200000
343,344,0.06849,40.6923549374447,-74.0909325080517,40.6460777764492,-73.7178891096219,0.06849,0,2021.59774082192,2021.66623082192,46200000
344,341,0.11155,40.6460777764492,-73.7178891096219,40.6653066215576,-73.6018394594346,0.18004,0.06849,2021.66623082192,2021.77778082192,46200000
344,342,0.12555,40.6460777764492,-73.7178891096219,40.6821888972432,-73.593072824228,0.19404,0.06849,2021.66623082192,2021.79178082192,46200000
349,345,0.16486,40.6749020428473,-73.721698673693,40.6813673420816,-73.6191955405219,0.16486,0,2021.67150986301,2021.83636986301,46200000
349,350,0.03365,40.6749020428473,-73.721698673693,40.667950124086,-73.7127503188604,0.03365,0,2021.67150986301,2021.70515986301,46200000
350,346,0.11121,40.667950124086,-73.7127503188604,40.7023937483146,-73.6123211506662,0.14486,0.03365,2021.70515986301,2021.81636986301,46200000
350,351,0.00547999999999998,40.667950124086,-73.7127503188604,40.6414008695528,-73.7524361590829,0.03913,0.03365,2021.70515986301,2021.71063986301,46200000
351,347,0.11173,40.6414008695528,-73.7524361590829,40.7026435618615,-73.6134482137775,0.15086,0.03913,2021.71063986301,2021.82236986301,46200000
351,348,0.19073,40.6414008695528,-73.7524361590829,40.6797270168724,-73.9577644557789,0.22986,0.03913,2021.71063986301,2021.90136986301,46200000
356,352,0.13322,40.8094354178711,-73.787207371505,40.7501069713866,-73.642849944302,0.13322,0,2021.6303690411,2021.7635890411,46200000
356,357,0.11811,40.8094354178711,-73.787207371505,40.7343367659069,-73.5053533826823,0.11811,0,2021.6303690411,2021.7484790411,46200000
357,353,0.14411,40.7343367659069,-73.5053533826823,40.7237475661791,-73.5692117923938,0.26222,0.11811,2021.7484790411,2021.8925890411,46200000
357,358,0.04083,40.7343367659069,-73.5053533826823,40.7072567691642,-73.4890904963897,0.15894,0.11811,2021.7484790411,2021.7893090411,46200000
358,354,0.12028,40.7072567691642,-73.4890904963897,40.7697914269911,-73.6552947180937,0.27922,0.15894,2021.7893090411,2021.9095890411,46200000
358,355,0.11128,40.7072567691642,-73.4890904963897,40.7403007893018,-73.5882415948478,0.27022,0.15894,2021.7893090411,2021.9005890411,46200000
364,365,0.000802888312600003,40.604803196483,-73.9512403980884,40.7578826697184,-73.8652689638272,0.000802888312600003,0,2021.73942053635,2021.74022342466,46200000
364,366,0.000802888312600003,40.604803196483,-73.9512403980884,40.7578826697184,-73.8652689638272,0.000802888312600003,0,2021.73942053635,2021.74022342466,46200000
365,359,0.11153,40.7578826697184,-73.8652689638272,40.7475761975494,-73.973342673196,0.1123328883126,0.000802888312600003,2021.74022342466,2021.85175342466,46200000
365,360,0.11153,40.7578826697184,-73.8652689638272,40.7717326962413,-73.9671480575329,0.1123328883126,0.000802888312600003,2021.74022342466,2021.85175342466,46200000
366,361,0.11153,40.7578826697184,-73.8652689638272,40.716260675412,-73.9937833858261,0.1123328883126,0.000802888312600003,2021.74022342466,2021.85175342466,46200000
366,367,0.0137,40.7578826697184,-73.8652689638272,40.8251057019309,-74.0467543222811,0.0145028883126,0.000802888312600003,2021.74022342466,2021.75392342466,46200000
367,362,0.11183,40.8251057019309,-74.0467543222811,40.76670931719,-73.9513530721608,0.1263328883126,0.0145028883126,2021.75392342466,2021.86575342466,46200000
367,363,0.11183,40.8251057019309,-74.0467543222811,40.7683659248071,-73.9597466516594,0.1263328883126,0.0145028883126,2021.75392342466,2021.86575342466,46200000
374,375,0.06206674973,40.7227209259906,-73.9340042105967,40.6769204379351,-74.1759777412158,0.06206674973,0,2021.45133886671,2021.51340561644,46200000
374,376,0.00079674973060001,40.7227209259906,-73.9340042105967,40.7323831677177,-73.8805062594334,0.00079674973060001,0,2021.45133886671,2021.45213561644,46200000
375,368,0.11343,40.6769204379351,-74.1759777412158,40.6236694351618,-73.972994820662,0.17549674973,0.06206674973,2021.51340561644,2021.62683561644,46200000
375,369,0.13043,40.6769204379351,-74.1759777412158,40.7472983613141,-74.0089370128546,0.19249674973,0.06206674973,2021.51340561644,2021.64383561644,46200000
376,370,0.1527,40.7323831677177,-73.8805062594334,40.7792370456705,-73.9508529499546,0.1534967497306,0.00079674973060001,2021.45213561644,2021.60483561644,46200000
376,377,0.04587148434,40.7323831677177,-73.8805062594334,40.7207929413309,-73.8369323194099,0.0466682340706,0.00079674973060001,2021.45213561644,2021.49800710078,46200000
377,373,0.1128285157,40.7207929413309,-73.8369323194099,40.7422184478914,-73.9997848888805,0.1594967497706,0.0466682340706,2021.49800710078,2021.61083561648,46200000
377,378,0.00396851565799999,40.7207929413309,-73.8369323194099,40.7162601900757,-73.7937705664116,0.0506367497286,0.0466682340706,2021.49800710078,2021.50197561644,46200000
378,371,0.12286,40.7162601900757,-73.7937705664116,40.7425545251653,-73.9843012934406,0.1734967497286,0.0506367497286,2021.50197561644,2021.62483561644,46200000
378,372,0.11186,40.7162601900757,-73.7937705664116,40.6451269394743,-73.8841092168405,0.1624967497286,0.0506367497286,2021.50197561644,2021.61383561644,46200000
386,379,0.11159,40.7368070547583,-73.3829990018804,40.69615415205,-73.3993641383877,0.11159,0,2021.42547849315,2021.53706849315,46200000
386,387,0.00594,40.7368070547583,-73.3829990018804,40.7193712948781,-73.3247964162489,0.00594,0,2021.42547849315,2021.43141849315,46200000
387,388,0.08135629148,40.7193712948781,-73.3247964162489,40.784332157138,-73.8276955556923,0.08729629148,0.00594,2021.43141849315,2021.51277478463,46200000
387,391,0.00228,40.7193712948781,-73.3247964162489,40.7526497786248,-73.439866289595,0.00822000000000001,0.00594,2021.43141849315,2021.43369849315,46200000
388,389,0.000590478963599983,40.784332157138,-73.8276955556923,40.7881972509865,-73.8039940243118,0.0878867704436,0.08729629148,2021.51277478463,2021.51336526359,46200000
388,390,0.07133370852,40.784332157138,-73.8276955556923,40.8221183839491,-73.7139547316936,0.15863,0.08729629148,2021.51277478463,2021.58410849315,46200000
389,380,0.1607032296,40.7881972509865,-73.8039940243118,40.695222795464,-73.9491066785097,0.2485900000436,0.0878867704436,2021.51336526359,2021.67406849319,46200000
389,381,0.1797032296,40.7881972509865,-73.8039940243118,40.7124194057513,-73.9582511962946,0.2675900000436,0.0878867704436,2021.51336526359,2021.69306849319,46200000
390,383,0.33096,40.8221183839491,-73.7139547316936,40.6934773001166,-73.5525895996623,0.48959,0.15863,2021.58410849315,2021.91506849315,46200000
390,382,0.22996,40.8221183839491,-73.7139547316936,40.5781717839669,-73.9790030150625,0.38859,0.15863,2021.58410849315,2021.81406849315,46200000
391,384,0.11137,40.7526497786248,-73.439866289595,40.7062933620106,-73.445570874665,0.11959,0.00822000000000001,2021.43369849315,2021.54506849315,46200000
391,385,0.11437,40.7526497786248,-73.439866289595,40.6753213769573,-73.8366834689603,0.12259,0.00822000000000001,2021.43369849315,2021.54806849315,46200000
396,392,0.18475,40.7232885093093,-73.8008343561872,40.7557667351072,-73.9493212994172,0.18475,0,2021.48648287671,2021.67123287671,46200000
396,397,0.03232,40.7232885093093,-73.8008343561872,40.8221625040605,-73.734101280047,0.03232,0,2021.48648287671,2021.51880287671,46200000
397,393,0.11143,40.8221625040605,-73.734101280047,40.6628812630481,-73.7391009593378,0.14375,0.03232,2021.51880287671,2021.63023287671,46200000
397,398,0.00870000000000001,40.8221625040605,-73.734101280047,40.7416231820705,-73.9350200616304,0.04102,0.03232,2021.51880287671,2021.52750287671,46200000
398,394,0.11973,40.7416231820705,-73.9350200616304,40.9067019029245,-73.3711003598759,0.16075,0.04102,2021.52750287671,2021.64723287671,46200000
398,395,0.11373,40.7416231820705,-73.9350200616304,40.7370973610549,-73.9741578070815,0.15475,0.04102,2021.52750287671,2021.64123287671,46200000
407,399,0.22474,40.6981377822533,-74.0207399965417,40.733905680372,-73.9948196527137,0.22474,0,2021.68676684932,2021.91150684932,46200000
407,408,0.00520999999999999,40.6981377822533,-74.0207399965417,40.7124524681316,-74.0510686973448,0.00520999999999999,0,2021.68676684932,2021.69197684932,46200000
408,411,0.00477,40.7124524681316,-74.0510686973448,40.738415578999,-74.0061899365469,0.00997999999999999,0.00520999999999999,2021.69197684932,2021.69674684932,46200000
408,409,0.05189714894,40.7124524681316,-74.0510686973448,40.7041517765496,-73.9809461330647,0.05710714894,0.00520999999999999,2021.69197684932,2021.74387399826,46200000
409,402,0.1136328511,40.7041517765496,-73.9809461330647,40.6167474709014,-74.0152757616609,0.17074000004,0.05710714894,2021.74387399826,2021.85750684936,46200000
409,410,0.03995285106,40.7041517765496,-73.9809461330647,40.673270617591,-73.8523184653276,0.09706,0.05710714894,2021.74387399826,2021.78382684932,46200000
410,400,0.14168,40.673270617591,-73.8523184653276,40.6241977245896,-74.0338103039051,0.23874,0.09706,2021.78382684932,2021.92550684932,46200000
410,401,0.11168,40.673270617591,-73.8523184653276,40.7086932383091,-74.0154049973001,0.20874,0.09706,2021.78382684932,2021.89550684932,46200000
411,403,0.20676,40.738415578999,-74.0061899365469,40.7831367465927,-73.9848269372026,0.21674,0.00997999999999999,2021.69674684932,2021.90350684932,46200000
411,412,0.00261,40.738415578999,-74.0061899365469,40.7111706600416,-73.9567271324268,0.01259,0.00997999999999999,2021.69674684932,2021.69935684932,46200000
412,404,0.23215,40.7111706600416,-73.9567271324268,40.6259103182512,-74.0117273836042,0.24474,0.01259,2021.69935684932,2021.93150684932,46200000
412,413,0.09818,40.7111706600416,-73.9567271324268,40.7010100796509,-73.9911226924338,0.11077,0.01259,2021.69935684932,2021.79753684932,46200000
413,406,0.11197,40.7010100796509,-73.9911226924338,40.7587245792329,-73.9519560109557,0.22274,0.11077,2021.79753684932,2021.90950684932,46200000
413,405,0.11397,40.7010100796509,-73.9911226924338,40.7284841495347,-73.8633824131539,0.22474,0.11077,2021.79753684932,2021.91150684932,46200000
417,414,0.11171,40.5869306863146,-73.8666349384631,40.642921220071,-73.9486606263743,0.11171,0,2021.78405712329,2021.89576712329,46200000
417,418,0.02192,40.5869306863146,-73.8666349384631,40.6381312212927,-73.7900560601543,0.02192,0,2021.78405712329,2021.80597712329,46200000
418,415,0.11179,40.6381312212927,-73.7900560601543,40.6845223638637,-73.919384565095,0.13371,0.02192,2021.80597712329,2021.91776712329,46200000
418,416,0.12279,40.6381312212927,-73.7900560601543,40.6313888505909,-74.0280245633646,0.14471,0.02192,2021.80597712329,2021.92876712329,46200000
426,429,0.00228,40.801910257146,-73.6493604150594,40.6890293639214,-73.7038436900372,0.00228,0,2021.73007958904,2021.73235958904,46200000
426,427,0.05292133982,40.801910257146,-73.6493604150594,40.807327245641,-73.3910301200123,0.05292133982,0,2021.73007958904,2021.78300092886,46200000
427,419,0.1131086602,40.807327245641,-73.3910301200123,40.8619607922808,-73.310466595693,0.16603000002,0.05292133982,2021.78300092886,2021.89610958906,46200000
427,428,0.00140866017800001,40.807327245641,-73.3910301200123,40.8101328237366,-73.3937947597119,0.054329999998,0.05292133982,2021.78300092886,2021.78440958904,46200000
428,420,0.1197,40.8101328237366,-73.3937947597119,40.8822759438263,-73.3332205166586,0.174029999998,0.054329999998,2021.78440958904,2021.90410958904,46200000
428,421,0.1117,40.8101328237366,-73.3937947597119,40.8787403811746,-73.3358513768224,0.166029999998,0.054329999998,2021.78440958904,2021.89610958904,46200000
429,422,0.11175,40.6890293639214,-73.7038436900372,40.6406400866505,-74.0016270843432,0.11403,0.00228,2021.73235958904,2021.84410958904,46200000
429,430,0.00273999999999999,40.6890293639214,-73.7038436900372,40.6879165630476,-73.7343092332117,0.00502,0.00228,2021.73235958904,2021.73509958904,46200000
430,431,0.00548000000000001,40.6879165630476,-73.7343092332117,40.6695229958077,-73.7325588474817,0.0105,0.00502,2021.73509958904,2021.74057958904,46200000
430,423,0.11201,40.6879165630476,-73.7343092332117,40.7111638579246,-73.9890522540375,0.11703,0.00502,2021.73509958904,2021.84710958904,46200000
431,424,0.11753,40.6695229958077,-73.7325588474817,40.7040145411967,-73.5194357078039,0.12803,0.0105,2021.74057958904,2021.85810958904,46200000
431,425,0.11153,40.6695229958077,-73.7325588474817,40.6262482059719,-74.1169891616385,0.12203,0.0105,2021.74057958904,2021.85210958904,46200000
435,432,0.11128,40.6105894671992,-73.9173689553111,40.6625184762017,-74.0007038897899,0.11128,0,2021.53821315068,2021.64949315068,46200000
435,436,0.00273999999999999,40.6105894671992,-73.9173689553111,40.620899107967,-73.9250128653062,0.00273999999999999,0,2021.53821315068,2021.54095315068,46200000
436,433,0.11154,40.620899107967,-73.9250128653062,40.6513248326715,-74.0114811838307,0.11428,0.00273999999999999,2021.54095315068,2021.65249315068,46200000
436,434,0.12754,40.620899107967,-73.9250128653062,40.6533553072597,-74.0210991045638,0.13028,0.00273999999999999,2021.54095315068,2021.66849315068,46200000
440,437,0.18526,40.6405615650538,-73.8956759191092,40.6550187627576,-73.7399027163549,0.18526,0,2021.40683589041,2021.59209589041,46200000
440,441,0.05155,40.6405615650538,-73.8956759191092,40.7283783699504,-73.925839405704,0.05155,0,2021.40683589041,2021.45838589041,46200000
441,438,0.11171,40.7283783699504,-73.925839405704,40.7385754040493,-73.9775933327036,0.16326,0.05155,2021.45838589041,2021.57009589041,46200000
441,439,0.18271,40.7283783699504,-73.925839405704,40.7260063910636,-73.7124305551962,0.23426,0.05155,2021.45838589041,2021.64109589041,46200000
445,442,0.1580863458,40.669155425189,-73.7665882281273,40.7063383939527,-73.7341756447657,0.1580863458,0,2021.41221502404,2021.57030136984,46200000
445,446,0.000936345818399992,40.669155425189,-73.7665882281273,40.6413076362341,-73.8155312967823,0.000936345818399992,0,2021.41221502404,2021.41315136986,46200000
446,443,0.17315,40.6413076362341,-73.8155312967823,40.753827689472,-73.549690866711,0.1740863458184,0.000936345818399992,2021.41315136986,2021.58630136986,46200000
446,444,0.14015,40.6413076362341,-73.8155312967823,40.8239922915826,-73.3344140726454,0.1410863458184,0.000936345818399992,2021.41315136986,2021.55330136986,46200000
450,447,0.11123,40.7220865338593,-73.7519461324567,40.724955746128,-73.5783862831988,0.11123,0,2021.40071520548,2021.51194520548,46200000
450,451,0.02192,40.7220865338593,-73.7519461324567,40.7329437567499,-73.6467468784524,0.02192,0,2021.40071520548,2021.42263520548,46200000
451,448,0.12531,40.7329437567499,-73.6467468784524,40.6838588998035,-73.5139593991763,0.14723,0.02192,2021.42263520548,2021.54794520548,46200000
451,449,0.11131,40.7329437567499,-73.6467468784524,40.7072876745516,-73.5724944768526,0.13323,0.02192,2021.42263520548,2021.53394520548,46200000
456,452,0.14496,40.7703736961216,-73.8067828822479,40.7098137783738,-73.6502381275215,0.14496,0,2021.69630027397,2021.84126027397,46200000
456,457,0.07356,40.7703736961216,-73.8067828822479,40.7689926570178,-73.5922219324128,0.07356,0,2021.69630027397,2021.76986027397,46200000
457,453,0.1514,40.7689926570178,-73.5922219324128,40.719659575371,-73.6156496748627,0.22496,0.07356,2021.76986027397,2021.92126027397,46200000
457,458,0.00923999999999997,40.7689926570178,-73.5922219324128,40.7408276930472,-73.5813020798822,0.0828,0.07356,2021.76986027397,2021.77910027397,46200000
458,454,0.11116,40.7408276930472,-73.5813020798822,40.7484241158674,-73.6378539407311,0.19396,0.0828,2021.77910027397,2021.89026027397,46200000
458,455,0.21816,40.7408276930472,-73.5813020798822,40.6863795045634,-73.6385857151143,0.30096,0.0828,2021.77910027397,2021.99726027397,46200000
465,459,0.11186,40.7169909954415,-73.6769687642339,40.6193901387812,-74.0345526896685,0.11186,0,2021.56486602744,2021.67672602744,46200000
465,466,0.05816,40.7169909954415,-73.6769687642339,40.5940810280769,-74.0440051631309,0.05816,0,2021.56486602744,2021.62302602744,46200000
466,467,0.10896,40.5940810280769,-74.0440051631309,40.5870256130128,-73.9901373965688,0.16712,0.05816,2021.62302602744,2021.73198602744,46200000
466,468,0.05572912006,40.5940810280769,-74.0440051631309,40.8030850222765,-74.3670578047282,0.11388912006,0.05816,2021.62302602744,2021.6787551475,46200000
467,460,0.11174,40.5870256130128,-73.9901373965688,40.5843725363834,-73.9988493993099,0.27886,0.16712,2021.73198602744,2021.84372602744,46200000
467,461,0.18874,40.5870256130128,-73.9901373965688,40.616846230979,-74.0336008665814,0.35586,0.16712,2021.73198602744,2021.92072602744,46200000
468,462,0.2609708799,40.8030850222765,-74.3670578047282,40.7143496804625,-73.9433811173386,0.37485999996,0.11388912006,2021.6787551475,2021.9397260274,46200000
468,469,0.00117087993999998,40.8030850222765,-74.3670578047282,40.8066261496526,-74.30599408362,0.11506,0.11388912006,2021.6787551475,2021.67992602744,46200000
469,463,0.1118,40.8066261496526,-74.30599408362,40.6314697020125,-73.9922447173797,0.22686,0.11506,2021.67992602744,2021.79172602744,46200000
469,464,0.1118,40.8066261496526,-74.30599408362,40.6302882749423,-74.0033908142101,0.22686,0.11506,2021.67992602744,2021.79172602744,46200000
473,470,0.2443,40.6392545721083,-74.0902117435033,40.7203183798893,-73.4903294367162,0.2443,0,2021.69816575342,2021.94246575342,46200000
473,474,0.07777,40.6392545721083,-74.0902117435033,40.8467042945636,-74.1701441583657,0.07777,0,2021.69816575342,2021.77593575342,46200000
474,471,0.12553,40.8467042945636,-74.1701441583657,40.7137179996842,-73.8755363896398,0.2033,0.07777,2021.77593575342,2021.90146575342,46200000
474,472,0.13453,40.8467042945636,-74.1701441583657,40.6169231740392,-73.9532775367697,0.2123,0.07777,2021.77593575342,2021.91046575342,46200000
478,477,0.1493828234,40.8191181989292,-74.0831251549997,40.6414209757826,-74.0223592835961,0.1493828234,0,2021.49467197111,2021.64405479451,46200000
478,479,0.001212823408,40.8191181989292,-74.0831251549997,40.6424959673884,-74.3242907412642,0.001212823408,0,2021.49467197111,2021.49588479452,46200000
479,475,0.15617,40.6424959673884,-74.3242907412642,40.6228696004398,-74.0307841888119,0.157382823408,0.001212823408,2021.49588479452,2021.65205479452,46200000
479,476,0.15317,40.6424959673884,-74.3242907412642,40.7511160691982,-73.6234559512325,0.154382823408,0.001212823408,2021.49588479452,2021.64905479452,46200000
483,480,0.1715,40.7158789738776,-74.0580732723226,40.7263193210716,-74.0074584395294,0.1715,0,2021.49114383562,2021.66264383562,46200000
483,484,0.00241000000000002,40.7158789738776,-74.0580732723226,40.6657065005048,-73.9822850225907,0.00241000000000002,0,2021.49114383562,2021.49355383562,46200000
484,481,0.11109,40.6657065005048,-73.9822850225907,40.7246459683144,-74.0018261375997,0.1135,0.00241000000000002,2021.49355383562,2021.60464383562,46200000
484,482,0.26809,40.6657065005048,-73.9822850225907,40.6519866157028,-73.9249749281482,0.2705,0.00241000000000002,2021.49355383562,2021.76164383562,46200000
